course_id,course_code,course_title,course_credits,course_grade,course_gpa,CGPA,comments,semester_id
23,CMPS314,ALGORITHMS,3,B,3,3.26,,1
45,CMPS316,PROGRAMMING LANGUAGES,3,C+,2.5,3.26,,2
67,CMPS412,ADVANCED COMPUTER ARCHITECTURE,3,B,3,3.26,,3
89,MATH480,LINEAR PROGRAMMING.,3,B+,3.5,3.26,,4
111,CMPS312,COMPUTER ORG. & ASSEMBLY LANG. PROG.,3,C+,2.5,3.26,,5
133,ENGL318,TECHNICAL WRITING.,3,C+,2.5,3.26,,6
155,MATH330,DISCRETE MATHEMATHICS,3,C,2,3.26,,7
177,CMPS414,NETWORKING II,3,A-,3.75,3.26,,8
199,CMPS418,LINUX ADMINISTRATION,3,A-,3.75,3.26,,9
221,CMPS429,SENIOR INTERNSHIP,12,A,4,3.26,,10
243,CMPS324,SOFTWARE ENGINEERING,3,B+,3.5,3.26,,11
265,MATH441,NUMERICAL ANALYSIS,3,B,3,3.26,,12
287,CMPS328,DATABASE MGMT. SYS. II,3,A-,3.75,3.26,,13
309,CMPS322,DIGITAL LOGIC & SIGNAL PROCESSING,3,B,3,3.26,,14
331,CMPS328,DATABASE MGMT. SYS. II,3,F,0,3.26,REPEAT,15
353,CMPS332,P C REPAIR,3,A,4,3.26,,16
375,PHYS241,GENERAL PHYSICS I,3,C,2,3.26,,17
397,CMPS416,COMPILER CONSTRUCTION,3,B+,3.5,3.26,,18
419,CMPS248,SOFTWARE IN SOCIETY,3,B,3,3.32,,19
441,HIST201,BELIZEAN HISTORY,3,B,3,3.32,,20
463,CMPS155,COMPUTER TECHNOLOGY,3,B,3,3.32,,21
485,MATH210,DIFFERENTIAL CALCULUS,4,A-,3.75,3.32,,22
507,CMPS260,PROJECT,3,C+,2.5,3.32,,23
529,MATH330,DISCRETE MATHEMATHICS,3,B,3,3.32,,24
551,CMPS414,NETWORKING II,3,A,4,3.32,,25
573,GSTU101,STUDY SKILLS,1,A-,3.75,3.32,,26
595,CMPS246,COMPUTER ARCHITECTURE,3,B,3,3.32,,27
617,ENGL318,TECHNICAL WRITING.,3,B,3,3.32,,28
639,CMPS145,INTRODUCTION TO COMPUTER SYSTEMS,3,B,3,3.32,,29
661,CMPS146,PROGRAMMING FOUNDATIONS,4,B+,3.5,3.32,,30
683,CMPS247,COMPUTER NETWORKING I,3,A,4,3.32,,31
705,CMPS324,SOFTWARE ENGINEERING,3,B,3,3.32,,32
727,CMPS328,DATABASE MGMT. SYS. II,3,B+,3.5,3.32,,33
749,MATH441,NUMERICAL ANALYSIS,3,A-,3.75,3.32,,34
771,MATH480,LINEAR PROGRAMMING.,3,A,4,3.32,,35
793,CMPS429,SENIOR INTERNSHIP,12,B,3,3.32,,36
815,SPAN111,SPANISH 1,3,A-,3.75,3.32,,37
837,CMPS156,DATA STRUCTURES,3,A-,3.75,3.32,,38
859,CMPS256,OPERATING SYSTEMS,3,B,3,3.32,,39
881,CMPS255,OBJECT ORIENTED SYSTEM DEV.,4,B+,3.5,3.32,,40
903,CMPS144,PRINCIPLES OF PROGRAMMING II,3,B+,3.5,3.32,,41
925,MATH124,TRIGONOMETRY,3,A-,3.75,3.32,,42
947,CMPS245,DATABASE MANAGEMENT SYSTEMS I,3,B+,3.5,3.32,,43
969,CMPS312,COMPUTER ORG. & ASSEMBLY LANG. PROG.,3,B,3,3.32,,44
991,CMPS412,ADVANCED COMPUTER ARCHITECTURE,3,B+,3.5,3.32,,45
1013,CMPS418,LINUX ADMINISTRATION,3,B+,3.5,3.32,,46
1035,CMPS157,SYSTEM ANALYSIS,3,B+,3.5,3.32,,47
1057,MATH125,ADVANCED ALGEBRA,3,A-,3.75,3.32,,48
1079,PSYC221,INTRO TO PSYCHOLOGY,3,B+,3.5,3.32,,49
1101,SOCL221,INTRODUCTION TO SOCIOLOGY,3,B,3,3.32,,50
1123,CMPS416,COMPILER CONSTRUCTION,3,B,3,3.32,,51
1145,MAT103,TRIGONOMETRY 1,3,WF,0,3.32,,52
1167,CMPS144,PRINCIPLES OF PROGRAMMING II,3,F,0,3.32,,53
1189,MATH1302,CALCULUS I,3,WF,0,3.32,REPEAT,54
1211,MGMT1014,FUNDAMENTALS OF MANAGEMENT,3,C,2,3.32,REPEAT,55
1233,ENGL2105,COMMUNICATION SKILLS,3,B+,3.5,1.33,,56
1255,CMPS1232,PRINCIPLES OF PROGRAMMING II,3,F,0,1.33,REPEAT,57
1277,CMPS2111,SYSTEMS ANALYSIS,3,F,0,1.33,REPEAT,58
1299,CMPS142,PRINCIPLES OF PROGRAMMING I,3,F,0,1.33,,59
1321,CMPS318,ADVANCED PC REPAIR,3,D+,1.5,1.33,,60
1343,CMPS157,SYSTEM ANALYSIS,3,WF,0,1.33,,61
1365,MATH104,CALCULUS I,3,WF,0,1.33,,62
1387,MATH1201,TRIGONOMETRY,3,RE,0,1.33,REPEAT,63
1409,CMPS2111,SYSTEMS ANALYSIS,3,RE,0,1.33,REPEAT,64
1431,MATH1201,TRIGONOMETRY,3,NG,,1.33,REPEAT,65
1453,MATH1201,TRIGONOMETRY,3,NG,,1.33,,66
1475,MGMT1014,FUNDAMENTALS OF MANAGEMENT,3,B+,3.5,1.33,,67
1497,CMPS4251,COMPUTER AND NETWORK SECURITY,3,RE,0,1.33,,68
1519,CMPS4181,MOBILE APPLICATION DEVELOPMENT,3,RE,0,1.33,,69
1541,CMPS1124,AN INTRODUCTION TO PROGRAMMING USING PYTHON,3,F,0,1.33,,70
1563,MGMT101,APPLIED MANAGEMENT I,3,WF,0,1.33,,71
1585,CMPS360,MANAGEMENT INFORMATION SYSTEM,3,B+,3.5,1.33,,72
1607,CMPS1131,PROGRAMMING I,3,C,2,1.33,,73
1629,CMPS2171,DATABASE MANAGEMENT SYSTEMS I,3,F,0,1.33,,74
1651,MATH1302,CALCULUS I,3,F,0,1.33,,75
1673,CMPS2111,SYSTEMS ANALYSIS,3,RE,0,1.33,,76
1695,CMPS245,DATABASE MANAGEMENT SYSTEMS I,3,F,0,1.33,,77
1717,MATH1201,TRIGONOMETRY,3,F,0,1.33,REPEAT,78
1739,CMPS1232,PRINCIPLES OF PROGRAMMING II,3,C,2,1.33,,79
1761,MATH1201,TRIGONOMETRY,3,WF,0,1.33,REPEAT,80
1783,CMPS2171,DATABASE MANAGEMENT SYSTEMS I,3,RE,0,1.33,REPEAT,81
1805,MATH1302,CALCULUS I,3,RE,0,1.33,REPEAT,82
1827,CMPS4151,NETWORK ENGINEERING,3,F,0,1.33,REPEAT,83
1849,CMPS4151,NETWORK ENGINEERING,3,RE,0,1.33,,84
1871,CMPS1124,AN INTRODUCTION TO PROGRAMMING USING PYTHON,3,RE,0,1.33,REPEAT,85
1893,CMPS2171,DATABASE MANAGEMENT SYSTEMS I,3,F,0,1.33,REPEAT,86
1915,CMPS315,NETWORK ENGINEERING,3,WF,0,1.33,,87
1937,CMPS4251,COMPUTER AND NETWORK SECURITY,3,RE,0,1.33,REPEAT,88
1959,CMPS322,DIGITAL LOGIC & SIGNAL PROCESSING,3,F,0,1.33,,89
1981,ENGL3155,TECHNICAL WRITING,3,A,4,1.33,,90
2003,CMPS4231,DIGITAL LOGIC & SIGNAL PROCESSING,3,RE,0,1.33,,91
2025,CMPS4251,COMPUTER AND NETWORK SECURITY,3,F,0,1.33,REPEAT,92
2047,CMPS3232,SYSTEMS ADMINISTRATION,3,F,0,1.33,,93
2069,CMPS155,COMPUTER TECHNOLOGY,3,B+,3.5,1.33,,94
2091,CMPS248,SOFTWARE IN SOCIETY,3,B+,3.5,1.33,,95
2113,CMPS314,ALGORITHMS,3,F,0,1.33,,96
2135,ENGL318,TECHNICAL WRITING.,3,C,2,1.33,,97
2157,CMPS322,DIGITAL LOGIC & SIGNAL PROCESSING,3,D+,1.5,1.33,,98
2179,CMPS324,SOFTWARE ENGINEERING,3,C,2,1.33,,99
2201,CMPS312,COMPUTER ORG. & ASSEMBLY LANG. PROG.,3,F,0,1.33,,100
2223,CMPS414,NETWORKING II,3,F,0,1.33,,101
2245,CMPS314,ALGORITHMS,3,D,1,1.33,,102
2267,CMPS316,PROGRAMMING LANGUAGES,3,B,3,1.33,,103
2289,MATH330,DISCRETE MATHEMATHICS,3,D+,1.5,1.33,,104
2311,CMPS328,DATABASE MGMT. SYS. II,3,C+,2.5,3.62,,105
2333,CMPS314,ALGORITHMS,3,C+,2.5,3.62,,106
2355,MATH330,DISCRETE MATHEMATHICS,3,C+,2.5,3.62,,107
2377,PHYS241,GENERAL PHYSICS I,3,B,3,3.62,,108
2399,MATH441,NUMERICAL ANALYSIS,3,B+,3.5,1.23,,109
2421,MATH1201,TRIGONOMETRY,3,WF,0,1.23,,110
2443,MATH1151,ALGEBRA,3,C,2,1.23,,111
2465,CMPS322,DIGITAL LOGIC & SIGNAL PROCESSING,3,A-,3.75,1.23,,112
2487,CMPS418,LINUX ADMINISTRATION,3,A,4,1.23,,113
2509,CMPS324,SOFTWARE ENGINEERING,3,A,4,1.23,,114
2531,CMPS314,ALGORITHMS,3,A-,3.75,1.23,,115
2553,ENGL318,TECHNICAL WRITING.,3,A-,3.75,1.23,,116
2575,CMPS416,COMPILER CONSTRUCTION,3,A,4,1.23,,117
2597,CMPS312,COMPUTER ORG. & ASSEMBLY LANG. PROG.,3,B+,3.5,1.23,,118
2619,PHYS241,GENERAL PHYSICS I,3,A-,3.75,1.23,,119
2641,CMPS316,PROGRAMMING LANGUAGES,3,A,4,3.29,,120
2663,MATH326,LINEAR PROGRAMMING,3,A-,3.75,3.29,,121
2685,CMPS429,SENIOR INTERNSHIP,12,B+,3.5,3.29,,122
2707,CMPS324,SOFTWARE ENGINEERING,3,WP,0,3.29,,123
2729,CMPS321,TELECOMMUNICATIONS SYSTEMS,3,F,0,3.29,REPEAT,124
2751,CMPS321,TELECOMMUNICATIONS SYSTEMS,3,B+,3.5,3.29,,125
2773,CMPS332,P C REPAIR,3,B+,3.5,3.29,,126
2795,CMPS414,NETWORKING II,3,D+,1.5,3.29,,127
2817,CMPS319,SYSTEMS ENGINEERING,3,B+,3.5,3.29,,128
2839,CMPS328,DATABASE MGMT. SYS. II,3,A,4,3.29,,129
2861,CMPS315,NETWORK ENGINEERING,3,A-,3.75,3.29,,130
2883,CMPS422,SENIOR SEMINAR IN INFORMATION TECHNOLOGY,3,B+,3.5,3.29,,131
2905,CMPS314,ALGORITHMS,3,A,4,3.29,,132
2927,CMPS322,DIGITAL LOGIC & SIGNAL PROCESSING,3,A,4,3.29,,133
2949,CMPS324,SOFTWARE ENGINEERING,3,A-,3.75,3.29,,134
2971,MATH330,DISCRETE MATHEMATHICS,3,A,4,3.29,,135
2993,ENGL318,TECHNICAL WRITING.,3,B+,3.5,3.29,,136
3015,CMPS312,COMPUTER ORG. & ASSEMBLY LANG. PROG.,3,A-,3.75,3.29,,137
3037,CMPS417,JAVA PROGRAMMING,3,A-,3.75,2,,138
3059,CMPS412,ADVANCED COMPUTER ARCHITECTURE,3,A-,3.75,2,,139
3081,MGMT101,APPLIED MANAGEMENT I,3,A-,3.75,2,,140
3103,CMPS360,MANAGEMENT INFORMATION SYSTEM,3,A-,3.75,3.71,,141
3125,CMCN209,COMMUNICATION SKILLS,3,C+,2.5,3.71,,142
3147,CMPS242,GUI PROGRAMMING,3,WP,0,3.71,,143
3169,CMPS318,ADVANCED PC REPAIR,3,B,3,3.71,,144
3191,MATH1302,CALCULUS I,3,B+,3.5,3.71,,145
3213,CMPS3111,PROGRAMMING LANGUAGES,3,D+,1.5,3.71,,146
3235,CMPS213,BASIC PC REPAIR,3,A-,3.75,3.71,,147
3257,CMPS244,WEB APPLICATION DEV. 1,3,A-,3.75,3.71,,148
3279,CMPS3131,ADVANCED GUI PROGRAMMING,3,D,1,3.71,,149
3301,MATH3251,CALCULUS III,3,RE,0,3.71,,150
3323,CMPS1134,FUNDAMENTALS OF COMPUTING,3,A-,3.75,3.71,,151
3345,ENGL318,TECHNICAL WRITING.,3,A,4,3.71,,152
3367,MATH2201,CALCULUS II,3,C,2,3.71,,153
3389,CMPS1124,AN INTRODUCTION TO PROGRAMMING USING PYTHON,3,A,4,3.71,,154
3411,CMPS315,NETWORK ENGINEERING,3,B+,3.5,3.71,,155
3433,CMPS411,COMPUTER NETWORK SECURITY,3,C+,2.5,3.71,,156
3455,CMPS422,SENIOR SEMINAR IN INFORMATION TECHNOLOGY,3,A,4,3.71,,157
3477,MATH333,CALCULUS III,3,C,2,3.5,,158
3499,CMPS317,ADVANCED GUI DEVELOPMENT,3,C+,2.5,3.5,,159
3521,CMPS321,TELECOMMUNICATIONS SYSTEMS,3,B,3,3.5,,160
3543,CMPS318,ADVANCED PC REPAIR,3,A,4,3.5,,161
3565,MATH203,CALCULUS II,3,C,2,3.5,,162
3587,CMPS424,PROFESSIONAL PRACTICE,12,A-,3.75,3.5,,163
3609,CMPS316,PROGRAMMING LANGUAGES,3,B+,3.5,3.5,,164
3631,CMCN209,COMMUNICATION SKILLS,3,B+,3.5,3.5,,165
3653,CMPS144,PRINCIPLES OF PROGRAMMING II,3,B,3,3.5,,166
3675,ENGL112,COLLEGE ENGLISH II,3,B+,3.5,3.5,,167
3697,CMPS314,ALGORITHMS,3,C,2,3.5,REPEAT,168
3719,CMPS319,SYSTEMS ENGINEERING,3,A-,3.75,3.5,,169
3741,CMPS323,SYSTEMS ADMINISTRATION,3,B+,3.5,3.5,,170
3763,CMPS322,DIGITAL LOGIC & SIGNAL PROCESSING,3,C+,2.5,3.5,,171
3785,MATH203,CALCULUS II,3,WP,0,3.77,REPEAT,172
3807,MATH322,LINEAR ALGEBRA 1,3,B,3,3.77,,173
3829,CMPS314,ALGORITHMS,3,C,2,3.77,,174
3851,MATH441,NUMERICAL ANALYSIS,3,A,4,3.77,,175
3873,MATH326,LINEAR PROGRAMMING,3,A,4,3.77,,176
3895,CMPS429,SENIOR INTERNSHIP,12,C+,2.5,3.77,,177
3917,CMPS417,JAVA PROGRAMMING,3,W,0,3.77,,178
3939,CMPS316,PROGRAMMING LANGUAGES,3,A-,3.75,3.77,,179
3961,PHYS241,GENERAL PHYSICS I,3,A,4,3.77,,180
3983,CMPS414,NETWORKING II,3,W,0,3.77,REPEAT,181
4005,CMPS412,ADVANCED COMPUTER ARCHITECTURE,3,A,4,3.77,,182
4027,CMPS418,LINUX ADMINISTRATION,3,B,3,3.77,,183
4049,CMPS416,COMPILER CONSTRUCTION,3,C+,2.5,3.77,,184
4071,MATH480,LINEAR PROGRAMMING.,3,A-,3.75,3.77,,185
4093,CMPS314,ALGORITHMS,3,B+,3.5,3.77,,186
4115,CMPS316,PROGRAMMING LANGUAGES,3,C,2,3.77,REPEAT,187
4137,PHYS241,GENERAL PHYSICS I,3,C+,2.5,3.77,,188
4159,CMPS324,SOFTWARE ENGINEERING,3,C+,2.5,3.5,,189
4181,MATH203,CALCULUS II,3,WP,0,3.5,,190
4203,CMPS3111,PROGRAMMING LANGUAGES,3,F,0,3.5,,191
4225,CMPS244,WEB APPLICATION DEV. 1,3,B+,3.5,3.5,,192
4247,MGMT101,APPLIED MANAGEMENT I,3,B+,3.5,3.5,,193
4269,PHYS1015,GENERAL PHYSICS I,3,F,0,2.63,,194
4291,EDUC335,PHILOSOPHY OF EDUCATION,3,B,3,2.63,,195
4313,CMPS142,PRINCIPLES OF PROGRAMMING I,3,B+,3.5,3.5,,196
4335,MATH124,TRIGONOMETRY,3,C,2,3.5,,197
4357,PHIL210,ETHICS,3,A-,3.75,2.63,,198
4379,EDUC221,PROFESSIONALISM IN EDUCATION,3,A-,3.75,2.63,,199
4401,EDUC323,INSTRUCTIONAL TECHNIQUES,3,B,3,2.63,,200
4423,CMPS247,COMPUTER NETWORKING I,3,D,1,3.5,,201
4445,CMPS144,PRINCIPLES OF PROGRAMMING II,3,F,0,2.63,REPEAT,202
4467,CMPS144,PRINCIPLES OF PROGRAMMING II,3,D+,1.5,2.63,REPEAT,203
4489,SPAN112,SPANISH II,3,F,0,3.2,,204
4511,CMPS245,DATABASE MANAGEMENT SYSTEMS I,3,F,0,3.2,REPEAT,205
4533,CMPS246,COMPUTER ARCHITECTURE,3,C+,2.5,3.2,,206
4555,CMPS245,DATABASE MANAGEMENT SYSTEMS I,3,C+,2.5,3.2,,207
4577,SPED301,INTRO TO SPECIAL EDUCATION,3,C+,2.5,3.2,,208
4599,EDUC345,CLASSROOM ASSESSMENT,3,B,3,3.2,,209
4621,CMPS247,COMPUTER NETWORKING I,3,C+,2.5,3.2,,210
4643,CMPS146,PROGRAMMING FOUNDATIONS,4,D,1,3.2,,211
4665,CMPS155,COMPUTER TECHNOLOGY,3,C+,2.5,3.2,,212
4687,CMPS156,DATA STRUCTURES,3,W,0,3.2,,213
4709,CMPS322,DIGITAL LOGIC & SIGNAL PROCESSING,3,B+,3.5,3.2,,214
4731,MATH441,NUMERICAL ANALYSIS,3,C,2,3.2,,215
4753,CMPS328,DATABASE MGMT. SYS. II,3,B,3,3.2,,216
4775,CMPS418,LINUX ADMINISTRATION,3,C+,2.5,3.2,,217
4797,CMPS247,COMPUTER NETWORKING I,3,A-,3.75,3.2,,218
4819,SOCL221,INTRODUCTION TO SOCIOLOGY,3,A-,3.75,3.2,,219
4841,CMPS417,JAVA PROGRAMMING,3,B+,3.5,3.2,,220
4863,MATH210,DIFFERENTIAL CALCULUS,4,B,3,3.2,,221
4885,MATH326,LINEAR PROGRAMMING,3,B,3,3.2,,222
4907,GSTU101,STUDY SKILLS,1,B,3,3.2,,223
4929,ENGL112,COLLEGE ENGLISH II,3,A,4,3.2,,224
4951,CMPS255,OBJECT ORIENTED SYSTEM DEV.,3,A-,3.75,3.2,,225
4973,CMPS260,PROJECT,3,A,4,3.2,,226
4995,CMPS146,PROGRAMMING FOUNDATIONS,4,B,3,3.52,,227
5017,CMPS156,DATA STRUCTURES,3,C,2,3.52,,228
5039,CMPS312,COMPUTER ORG. & ASSEMBLY LANG. PROG.,3,C,2,3.52,,229
5061,CMPS414,NETWORKING II,3,C,2,3.52,,230
5083,MATH124,TRIGONOMETRY,3,B,3,3.52,,231
5105,CMPS256,OPERATING SYSTEMS,3,B+,3.5,3.52,,232
5127,CMPS245,DATABASE MANAGEMENT SYSTEMS I,3,B,3,3.52,,233
5149,CMPS248,SOFTWARE IN SOCIETY,3,A,4,3.52,,234
5171,MATH125,ADVANCED ALGEBRA,3,B,3,3.52,,235
5193,PHYS241,GENERAL PHYSICS I,3,B+,3.5,3.52,,236
5215,CMPS157,SYSTEM ANALYSIS,3,A,4,3.52,,237
5237,GSTU101,STUDY SKILLS,1,C+,2.5,3.52,,238
5259,CMPS146,PROGRAMMING FOUNDATIONS,4,C,2,3.52,,239
5281,CMPS256,OPERATING SYSTEMS,3,C,2,3.52,,240
5303,CMPS156,DATA STRUCTURES,3,B,3,3.52,,241
5325,MATH121,INTERMEDIATE ALGEBRA,3,C,2,3.52,,242
5347,CMPS246,COMPUTER ARCHITECTURE,3,B+,3.5,3.52,,243
5369,MATH210,DIFFERENTIAL CALCULUS,4,D+,1.5,3.52,,244
5391,ENGL111,COLLEGE ENGLISH I,3,B+,3.5,3.52,,245
5413,MATH125,ADVANCED ALGEBRA,3,C,2,3.26,,246
5435,PSYC221,INTRO TO PSYCHOLOGY,3,B,3,3.26,,247
5457,CMPS150,COMPUTER BUSINESS APPLICATION,3,B,3,3.26,,248
5479,CMPS156,DATA STRUCTURES,3,D,1,3.26,REPEAT,249
5501,CMPS255,OBJECT ORIENTED SYSTEM DEV.,3,B+,3.5,3.26,,250
5523,SPAN111,SPANISH 1,3,B,3,3.26,,251
5545,CMPS248,SOFTWARE IN SOCIETY,3,A-,3.75,3.26,,252
5567,HIST201,BELIZEAN HISTORY,3,B+,3.5,3.26,,253
5589,ENGL112,COLLEGE ENGLISH II,3,C+,2.5,3.26,,254
5611,CMPS247,COMPUTER NETWORKING I,3,C,2,3.26,,255
5633,MATH441,NUMERICAL ANALYSIS,4,D,1,3.26,REPEAT,256
5655,CMPS422,SENIOR SEMINAR IN INFORMATION TECHNOLOGY,3,C+,2.5,3.26,,257
5677,MATH441,NUMERICAL ANALYSIS,3,C+,2.5,3.26,,258
5699,CMPS156,DATA STRUCTURES,3,F,0,3.26,REPEAT,259
5721,SOCL1014,INTRODUCTION TO SOCIOLOGY,3,B,3,3.26,,260
5743,MATH441,NUMERICAL ANALYSIS,3,WP,0,3.26,REPEAT,261
5765,CMPS2131,DATA STRUCTURES,3,D+,1.5,3.26,REPEAT,262
5787,CMPS316,PROGRAMMING LANGUAGES,3,D+,1.5,3.26,REPEAT,263
5809,CMPS416,COMPILER CONSTRUCTION,3,W,0,3.26,REPEAT,264
5831,CMPS412,ADVANCED COMPUTER ARCHITECTURE,3,C+,2.5,1.75,,265
5853,CMPS156,DATA STRUCTURES,3,D+,1.5,1.75,REPEAT,266
5875,CMPS2131,DATA STRUCTURES,3,C,2,1.75,,267
5897,ENGL1014,COLLEGE ENGLISH I,3,F,0,1.75,,268
5919,MGMT1014,FUNDAMENTALS OF MANAGEMENT,3,C+,2.5,1.75,,269
5941,SOCL1014,INTRODUCTION TO SOCIOLOGY,3,C+,2.5,2.55,,270
5963,PSYC1014,INTRODUCTION TO PSYCHOLOGY,3,C,2,2.55,,271
5985,ENGL3155,TECHNICAL WRITING,3,F,0,2.55,,272
6007,MATH1201,TRIGONOMETRY,3,F,0,2.55,,273
6029,CMPS2111,SYSTEMS ANALYSIS,3,B,3,2.55,,274
6051,MATH2201,CALCULUS II,3,WF,0,2.55,,275
6073,CMPS2131,DATA STRUCTURES,3,D+,1.5,2.55,,276
6095,ENGL318,TECHNICAL WRITING.,3,F,0,2.55,,277
6117,CMPS156,DATA STRUCTURES,3,B+,3.5,2.55,,278
6139,CMPS246,COMPUTER ARCHITECTURE,3,D+,1.5,2.55,,279
6161,CMPS248,SOFTWARE IN SOCIETY,3,C+,2.5,2.55,,280
6183,CMPS146,PROGRAMMING FOUNDATIONS,4,C+,2.5,2.55,,281
6205,CMPS144,PRINCIPLES OF PROGRAMMING II,3,C,2,2.55,,282
6227,MATH124,TRIGONOMETRY,3,F,0,2.55,,283
6249,CMPS414,NETWORKING II,3,D,1,2.55,,284
6271,CMPS246,COMPUTER ARCHITECTURE,3,F,0,2.55,REPEAT,285
6293,CMPS314,ALGORITHMS,3,WP,,2.55,,286
6315,CMPS255,OBJECT ORIENTED SYSTEM DEV.,3,D,1,2.55,,287
6337,CMPS316,PROGRAMMING LANGUAGES,3,F,0,2.55,,288
6359,CMPS246,COMPUTER ARCHITECTURE,3,A-,3.75,2.55,,289
6381,MATH326,LINEAR PROGRAMMING,3,B+,3.5,2.55,,290
6403,CMPS414,NETWORKING II,3,B+,3.5,2.55,,291
6425,CMPS156,DATA STRUCTURES,3,A,4,3.2,,292
6447,CMPS247,COMPUTER NETWORKING I,3,B+,3.5,3.2,,293
6469,MATH330,DISCRETE MATHEMATHICS,3,B+,3.5,3.2,,294
6491,CMPS414,NETWORKING II,3,C+,2.5,3.2,,295
6513,CMPS332,P C REPAIR,3,A-,3.75,3.2,,296
6535,CMPS256,OPERATING SYSTEMS,3,C+,2.5,3.2,,297
6557,CMPS245,DATABASE MANAGEMENT SYSTEMS I,3,A-,3.75,3.2,,298
6579,MATH124,TRIGONOMETRY,3,B+,3.5,3.2,,299
6601,CMPS417,JAVA PROGRAMMING,3,B,3,3.2,,300
6623,CMPS255,OBJECT ORIENTED SYSTEM DEV.,3,C,2,3.2,,301
6645,MATH210,DIFFERENTIAL CALCULUS,4,C,2,3.2,,302
6667,SPAN111,SPANISH 1,3,W,0,3.2,,303
6689,MATH121,INTERMEDIATE ALGEBRA,3,W,0,3.2,,304
6711,CMPS156,DATA STRUCTURES,3,D,1,3.2,,305
6733,MATH124,TRIGONOMETRY,3,W,0,3.2,REPEAT,306
6755,MATH124,TRIGONOMETRY,3,WF,,3.2,REPEAT,307
6777,CMPS256,OPERATING SYSTEMS,3,F,0,3.2,,308
6799,MATH125,ADVANCED ALGEBRA,3,WF,,3.2,,309
6821,HIST201,BELIZEAN HISTORY,3,A-,3.75,3.35,,310
6843,ENGL111,COLLEGE ENGLISH I,3,B,3,3.35,,311
6865,MATH121,INTERMEDIATE ALGEBRA,3,F,0,3.35,,312
6887,CMPS157,SYSTEM ANALYSIS,3,F,0,3.35,,313
6909,CMPS155,COMPUTER TECHNOLOGY,3,F,0,3.35,,314
6931,CMPS145,INTRODUCTION TO COMPUTER SYSTEMS,3,B+,3.5,3.35,,315
6953,CMPS255,OBJECT ORIENTED SYSTEM DEV.,3,A,4,3.35,,316
6975,CMPS256,OPERATING SYSTEMS,3,A-,3.75,3.35,,317
6997,CMPS360,MANAGEMENT INFORMATION SYSTEM,3,W,0,3.35,,318
7019,PSYC221,INTRO TO PSYCHOLOGY,3,A-,3.75,3.35,,319
7041,SPAN111,SPANISH 1,3,A,4,3.35,,320
7063,CMPS246,COMPUTER ARCHITECTURE,3,A,4,3.35,,321
7085,CMPS312,COMPUTER ORG. & ASSEMBLY LANG. PROG.,3,A,4,3.35,,322
7107,CMPS417,JAVA PROGRAMMING,3,A,4,3.35,,323
7129,GSTU101,STUDY SKILLS,1,B+,3.5,3.35,,324
7151,CMPS245,DATABASE MANAGEMENT SYSTEMS I,3,A,4,3.35,,325
7173,CMPS145,INTRODUCTION TO COMPUTER SYSTEMS,3,A,4,3.35,,326
7195,CMPS155,COMPUTER TECHNOLOGY,3,A-,3.75,3.35,,327
7217,CMPS146,PROGRAMMING FOUNDATIONS,4,A,4,3.35,,328
7239,MATH3151,LINEAR ALGEBRA,3,WP,0,3.35,,329
7261,CMPS3111,PROGRAMMING LANGUAGES,3,C,2,3.35,,330
7283,SPAN2015,LEVEL 3 INTERMEDIATE SPANISH,3,W,0,3.35,,331
7305,CMPS3141,HUMAN COMPUTER INTERFACE,3,C+,2.5,3.35,,332
7327,CMPS3151,TELECOMMUNICATION,3,A-,3.75,3.35,,333
7349,CMPS3162,ADVANCED DATABASES,3,,,3.35,,334
7371,RSCH2014,RESEARCH METHODS,3,,,3.35,,335
7393,CMPS4131,SOFTWARE ENGINEERING,3,,,3.35,,336
7415,CMPS3171,NETWORK DESIGN,3,B,3,3.35,,337
7437,CMPS4191,ADVANCED WEB TECHNOLOGIES,3,,,3.35,,338
7459,ENGL3155,TECHNICAL WRITING,3,,,3.35,,339
7481,MATH3251,CALCULUS III,3,WP,0,3.35,,340
7503,CMPS328,DATABASE MGMT. SYS. II,3,C,2,3.35,,341
7525,CMPS312,COMPUTER ORG. & ASSEMBLY LANG. PROG.,3,F,0,3.35,REPEAT,342
7547,MATH326,LINEAR PROGRAMMING,3,D,1,3.01,,343
7569,CMPS322,DIGITAL LOGIC & SIGNAL PROCESSING,3,C,2,3.01,,344
7591,CMPS416,COMPILER CONSTRUCTION,3,C,2,3.01,,345
7613,CMPS332,P C REPAIR,3,C,2,3.01,,346
7635,CMPS3171,NETWORK DESIGN,3,NR,0,3.01,,347
7657,RSCH2014,RESEARCH METHODS,3,NR,0,3.01,,348
7679,SPAN1025,LEVEL 2 LOWER-INTERMEDIATE SPANISH,3,NR,0,3.01,,349
7701,CMPS3012,MANAGEMENT INFORMATION SYSTEM,3,W,,3.01,,350
7723,CMPS3151,TELECOMMUNICATION,3,RE,0,3.01,,351
7745,CMPS1131,PROGRAMMING I,3,D+,1.5,3.01,,352
7767,CMPS3272,SYSTEMS ENGINEERING,3,C,2,3.01,,353
7789,CMPS1212,BASIC PC REPAIR,3,B+,3.5,3.01,,354
7811,CMPS4211,ADVANCED PC REPAIR,3,C+,2.5,3.01,,355
7833,MGMT3015,ORGANIZATIONAL BEHAVIOR,3,B,3,3.01,,356
7855,CMPS4111,DATABASE MANAGEMENT SYSTEMS II,3,RE,0,3.01,,357
7877,CMPS1014,INTRODUCTION TO COMPUTER STUDIES,3,F,0,3.01,,358
7899,CMPS4211,ADVANCED PC REPAIR,3,WF,0,3.01,,359
7921,CMPS3232,SYSTEMS ADMINISTRATION,3,D,1,3.01,,360
7943,ENGL2105,COMMUNICATION SKILLS,3,RE,0,3.01,,361
7965,RSCH2014,RESEARCH METHODS,3,B,3,3.01,,362
7987,SPAN2015,LEVEL 3 INTERMEDIATE SPANISH,3,A-,3.75,3.01,,363
8009,PHIL1014,ETHICS,3,NG,,3.01,,364
8031,SPAN1025,LEVEL 2 LOWER-INTERMEDIATE SPANISH,3,A-,3.75,3.01,,365
8053,MATH3151,LINEAR ALGEBRA,3,C+,2.5,3.01,,366
8075,PHYS241,GENERAL PHYSICS I,3,W,0,3.01,REPEAT,367
8097,CMPS332,P C REPAIR,3,W,0,3.01,,368
8119,MATH330,DISCRETE MATHEMATHICS,3,F,0,3.01,REPEAT,369
8141,CMPS314,ALGORITHMS,3,WP,0,3.01,,370
8163,PHYS241,GENERAL PHYSICS I,3,D,1,3.01,,371
8185,CMPS321,TELECOMMUNICATIONS SYSTEMS,3,C+,2.5,3.01,,372
8207,MATH330,DISCRETE MATHEMATHICS,3,A-,3.75,3.01,,373
8229,CMPS317,ADVANCED GUI DEVELOPMENT,3,D+,1.5,3.01,REPEAT,374
8251,MATH203,CALCULUS II,3,C+,2.5,3.01,,375
8273,CMPS360,MANAGEMENT INFORMATION SYSTEM,3,B,3,3.01,,376
8295,CMPS4992,PROFESSIONAL PRACTICE,12,B+,3.5,3.01,,377
8317,MATH3251,CALCULUS III,3,B,3,3.01,,378
8339,CMPS3131,ADVANCED GUI PROGRAMMING,3,A-,3.75,3.01,,379
8361,CMPS4151,NETWORK ENGINEERING,3,C+,2.5,3.01,,380
8383,CMPS4231,DIGITAL LOGIC & SIGNAL PROCESSING,3,C+,2.5,3.01,,381
8405,CMPS4991,SENIOR SEMINAR IN INFORMATION TECHNOLOGY,3,A,4,3.01,,382
8427,CMPS319,SYSTEMS ENGINEERING,3,B,3,3.01,,383
8449,CMPS323,SYSTEMS ADMINISTRATION,3,C+,2.5,3.11,,384
8471,MATH1302,CALCULUS I,3,B,3,3.11,,385
8493,CMPS4251,COMPUTER AND NETWORK SECURITY,3,C+,2.5,3.11,,386
8515,ENGL299,THE COMPOSING PROCESS,3,B,3,3.11,,387
8537,CMPS330,GEOGRAPHIC INFORMATOIN SYSTEMS,3,A-,3.75,3.11,,388
8559,CMPS429,SENIOR INTERNSHIP,3,A,4,3.11,,389
8581,MATH480,LINEAR PROGRAMMING.,3,B,3,3.11,,390
8603,PHYS241,GENERAL PHYSICS I,3,D+,1.5,3.11,,391
8625,CMPS414,NETWORKING II,3,B,3,3.11,,392
8647,MATH480,LINEAR PROGRAMMING.,3,C,2,3.11,,393
8669,CMPS326,ADVANCED COMPUTER ARCHITECTURE,3,B+,3.5,3.11,,394
8691,CMPS330,GEOGRAPHIC INFORMATOIN SYSTEMS,3,B+,3.5,3.11,,395
8713,MATH326,LINEAR PROGRAMMING,3,C,2,3.11,,396
8735,CMPS317,ADVANCED GUI DEVELOPMENT,3,B+,3.5,3.11,,397
8757,CMPS2151,WEB DEVELOPMENT,3,F,0,3.11,,398
8779,CMPS4111,DATABASE MANAGEMENT SYSTEMS II,3,F,0,3.11,,399
8801,MATH2201,CALCULUS II,3,F,0,3.11,,400
8823,CMPS247,COMPUTER NETWORKING I,3,B,3,3.11,,401
8845,CMPS157,SYSTEM ANALYSIS,3,B,3,3.11,,402
8867,CMPS260,PROJECT,3,A-,3.75,3.11,,403
8889,MATH441,NUMERICAL ANALYSIS,3,D,1,3.11,,404
8911,MATH210,DIFFERENTIAL CALCULUS,4,F,0,3.11,REPEAT,405
8933,MATH210,DIFFERENTIAL CALCULUS,3,C,2,3.11,,406
8955,MATH480,LINEAR PROGRAMMING.,3,D+,1.5,3.11,,407
8977,GSTU101,STUDY SKILLS,1,P,0,1.17,,408
8999,CMPS255,OBJECT ORIENTED SYSTEM DEV.,4,WF,0,1.17,REPEAT,409
9021,CMPS156,DATA STRUCTURES,3,C+,2.5,1.17,,410
9043,ENGL111,COLLEGE ENGLISH I,3,C+,2.5,1.17,,411
9065,ENGL112,COLLEGE ENGLISH II,3,C,2,1.17,,412
9087,MATH330,DISCRETE MATHEMATHICS,3,W,0,1.17,REPEAT,413
9109,CMPS360,MANAGEMENT INFORMATION SYSTEM,3,F,0,2.25,,414
9131,MATH3251,CALCULUS III,3,C,2,2.25,,415
9153,CMPS3012,MANAGEMENT INFORMATION SYSTEM,3,B+,3.5,2.25,,416
9175,CMPS3252,ALGORITHMS,3,C,2,1.98,,417
9197,CMPS4992,PROFESSIONAL PRACTICE,12,A-,3.75,1.98,,418
9219,CMPS324,SOFTWARE ENGINEERING,3,F,0,1.98,,419
9241,CMPS328,DATABASE MGMT. SYS. II,3,NG,,1.98,,420
9263,CMPS412,ADVANCED COMPUTER ARCHITECTURE,3,F,0,1.98,,421
9285,MATH3151,LINEAR ALGEBRA,3,D,1,1.98,REPEAT,422
9307,CMPS3272,SYSTEMS ENGINEERING,3,B+,3.5,1.98,,423
9329,CMPS3232,SYSTEMS ADMINISTRATION,3,B,3,1.98,,424
9351,CMPS3111,PROGRAMMING LANGUAGES,3,B,3,1.98,,425
9373,MATH3151,LINEAR ALGEBRA,3,B+,3.5,1.98,,426
9395,ENGL318,TECHNICAL WRITING.,3,WF,,1.98,,427
9417,CMPS416,COMPILER CONSTRUCTION,3,F,0,1.98,,428
9439,CMPS316,PROGRAMMING LANGUAGES,3,C,2,1.98,,429
9461,CMPS417,JAVA PROGRAMMING,3,F,0,1.98,,430
9483,CMPS332,P C REPAIR,3,C+,2.5,1.98,,431
9505,MATH480,LINEAR PROGRAMMING.,3,C+,2.5,1.98,,432
9527,CMPS417,JAVA PROGRAMMING,3,C+,2.5,1.98,,433
9549,CMPS360,MANAGEMENT INFORMATION SYSTEM,3,C,2,1.98,,434
9571,EDUC3101,SOCIAL CONTEXT OF SCHOOLING,3,A,4,1.98,,435
9593,PHIL1014,ETHICS,3,C+,2.5,1.98,,436
9615,MATH3151,LINEAR ALGEBRA,3,B,3,3.36,,437
9637,CMPS2212,GUI PROGRAMMING,3,A-,3.75,3.36,,438
9659,CMPS4151,NETWORK ENGINEERING,3,B,3,3.36,,439
9681,MATH2201,CALCULUS II,3,D,1,3.36,REPEAT,440
9703,EDUC2224,TEACHING METHODS FOR SECONDARY LEVEL,3,A-,3.75,3.36,,441
9725,EDUC3453,CLASSROOM ASSESSMENT,3,A-,3.75,3.36,,442
9747,CMPS4111,DATABASE MANAGEMENT SYSTEMS II,3,B+,3.5,3.36,,443
9769,CMPS1212,BASIC PC REPAIR,3,A-,3.75,3.36,,444
9791,EDUC4153,PROFESSIONALISM IN EDUCATION,3,A-,3.75,3.36,,445
9813,CMPS3111,PROGRAMMING LANGUAGES,3,C+,2.5,3.36,,446
9835,CMPS4251,COMPUTER AND NETWORK SECURITY,3,C,2,3.36,,447
9857,CMPS4231,DIGITAL LOGIC & SIGNAL PROCESSING,3,C,2,3.36,,448
9879,CMPS4991,SENIOR SEMINAR IN INFORMATION TECHNOLOGY,3,B+,3.5,3.36,,449
9901,EDUC3451,PHILOSOPHY OF EDUCATION,3,A-,3.75,3.36,,450
9923,EDUC3302,INSTRUCTIONAL TECHNIQUES,3,B+,3.5,3.36,,451
9945,MATH2201,CALCULUS II,3,D+,1.5,3.36,,452
9967,ENGL2105,COMMUNICATION SKILLS,3,B,3,3.36,,453
9989,PHYS1015L,GENERAL PHYSICS I LAB,1,A,4,3.36,,454
10011,PHYS1015,GENERAL PHYSICS I,3,A-,3.75,3.36,,455
10033,CMPS3131,ADVANCED GUI PROGRAMMING,3,C+,2.5,3.36,,456
10055,CMPS3151,TELECOMMUNICATION,3,C+,2.5,3.36,,457
10077,MATH3251,CALCULUS III,3,C+,2.5,3.36,,458
10099,MATH322,LINEAR ALGEBRA 1,3,D+,1.5,3.36,REPEAT,459
10121,CMPS312,COMPUTER ORG. & ASSEMBLY LANG. PROG.,3,C,2,3.36,REPEAT,460
10143,MAT103,TRIGONOMETRY 1,3,C,2,3.36,,461
10165,MAT103,TRIGONOMETRY 1,3,C,2,3.36,REPEAT,462
10187,CMPS416,COMPILER CONSTRUCTION,3,WF,0,3.36,REPEAT,463
10209,CMPS422,SENIOR SEMINAR IN INFORMATION TECHNOLOGY,3,B,3,3.36,,464
10231,PHYS241,GENERAL PHYSICS I,3,D,1,3.25,REPEAT,465
10253,MATH322,LINEAR ALGEBRA 1,3,D,1,3.25,REPEAT,466
10275,CMPS414,NETWORKING II,3,F,0,3.25,REPEAT,467
10297,MATH330,DISCRETE MATHEMATHICS,3,D,1,3.25,REPEAT,468
10319,MATH441,NUMERICAL ANALYSIS,4,F,0,3.25,REPEAT,469
10341,MATH330,DISCRETE MATHEMATHICS,3,D+,1.5,3.25,REPEAT,470
10363,CMPS316,PROGRAMMING LANGUAGES,3,F,0,3.25,REPEAT,471
10385,MATH121,INTERMEDIATE ALGEBRA,3,D+,1.5,3.25,,472
10407,SPAN111,SPANISH 1,3,C+,2.5,3.25,,473
10429,PSYC221,INTRO TO PSYCHOLOGY,3,W,,3.25,,474
10451,HIST201,BELIZEAN HISTORY,3,C,2,3.25,,475
10473,CMPS145,INTRODUCTION TO COMPUTER SYSTEMS,3,C+,2.5,3.25,,476
10495,CMPS155,COMPUTER TECHNOLOGY,3,C,2,3.25,,477
10517,MATH104,CALCULUS I,3,D+,1.5,3.25,REPEAT,478
10539,CMPS213,BASIC PC REPAIR,3,B,3,3.25,,479
10561,CMPS4211,ADVANCED PC REPAIR,3,B+,3.5,3.25,,480
10583,CMPS3252,ALGORITHMS,3,D+,1.5,3.25,REPEAT,481
10605,CMPS4131,SOFTWARE ENGINEERING,3,C,2,3.25,,482
10627,MATH3151,LINEAR ALGEBRA,3,F,0,3.25,REPEAT,483
10649,MATH3151,LINEAR ALGEBRA,3,D+,1.5,3.25,REPEAT,484
10671,MATH3151,LINEAR ALGEBRA,3,C,2,3.25,,485
10693,CMPS324,SOFTWARE ENGINEERING,3,F,0,3.25,REPEAT,486
10715,CMPS144,PRINCIPLES OF PROGRAMMING II,3,RE,0,3.25,REPEAT,487
10737,CMPS360,MANAGEMENT INFORMATION SYSTEM,3,A,4,3.25,,488
10759,CMPS3131,ADVANCED GUI PROGRAMMING,3,C,2,3.25,,489
10781,CMPS2992,PROJECT,3,A-,3.75,3.25,,490
10803,CMPS3232,SYSTEMS ADMINISTRATION,3,D,1,3.25,REPEAT,491
10825,MATH1302,CALCULUS I,3,C,2,3.25,,492
10847,CMPS4111,DATABASE MANAGEMENT SYSTEMS II,3,F,0,3.25,REPEAT,493
10869,MATH2251,INTRO TO DISCRETE MATH,3,B,3,3.25,,494
10891,CMPS312,COMPUTER ORG. & ASSEMBLY LANG. PROG.,3,D,1,3.25,,495
10913,CMPS242,GUI PROGRAMMING,3,F,0,,REPEAT,496
10935,CMPS3232,SYSTEMS ADMINISTRATION,3,F,0,,REPEAT,497
10957,CMPS3232,SYSTEMS ADMINISTRATION,3,C,2,2.68,,498
10979,MATH4352,NUMERICAL ANALYSIS,4,C+,2.5,2.68,,499
11001,CMPS256,OPERATING SYSTEMS,3,WF,0,2.68,REPEAT,500
11023,CMPS244,WEB APPLICATION DEV. 1,3,C,2,2.68,,501
11045,CMPS3151,TELECOMMUNICATION,3,C,2,2.68,,502
11067,CMPS1232,PRINCIPLES OF PROGRAMMING II,3,B,3,2.68,,503
11089,CMPS255,OBJECT ORIENTED SYSTEM DEV.,4,C+,2.5,2.68,,504
11111,CMPS314,ALGORITHMS,3,WF,0,2.68,REPEAT,505
11133,CMPS256,OPERATING SYSTEMS,3,F,0,2.68,REPEAT,506
11155,CMPS2252,OPERATING SYSTEMS,3,C,2,2.68,,507
11177,CMPS4111,DATABASE MANAGEMENT SYSTEMS II,3,D,1,2.68,REPEAT,508
11199,CMPS4111,DATABASE MANAGEMENT SYSTEMS II,3,B,3,2.68,,509
11221,EDUC3252,INTRODUCTION TO GUIDANCE & COUNSELLING,3,A-,3.75,2.68,,510
11243,CMPS242,GUI PROGRAMMING,3,D,1,2.68,,511
11265,MATH1201,TRIGONOMETRY,3,B+,3.5,1.5,,512
11287,MATH2201,CALCULUS II,3,RE,0,1.5,REPEAT,513
11309,MATH125,ADVANCED ALGEBRA,3,B+,3.5,1.5,,514
11331,CMPS255,OBJECT ORIENTED SYSTEM DEV.,3,B,3,1.5,,515
11353,CMPS156,DATA STRUCTURES,3,AU,0,1.5,,516
11375,MATH210,DIFFERENTIAL CALCULUS,4,C+,2.5,1.5,,517
11397,MATH124,TRIGONOMETRY,3,WF,0,1.5,REPEAT,518
11419,MATH125,ADVANCED ALGEBRA,3,WF,0,1.5,REPEAT,519
11441,CMPS260,PROJECT,3,B+,3.5,3.81,,520
11463,MATH104,CALCULUS I,3,WF,0,3.81,REPEAT,521
11485,CMPS157,SYSTEM ANALYSIS,3,A-,3.75,3.81,,522
11507,CMPS328,DATABASE MGMT. SYS. II,3,F,0,3.81,,523
11529,CMPS145,INTRODUCTION TO COMPUTER SYSTEMS,3,A-,3.75,3.81,,524
11551,CMPS255,OBJECT ORIENTED SYSTEM DEV.,4,B,3,3.81,,525
11573,CMPS324,SOFTWARE ENGINEERING,3,D+,1.5,3.81,,526
11595,CMPS314,ALGORITHMS,3,F,0,3.81,REPEAT,527
11617,BLD109A,MASONRY THEORY,1,D+,1.5,3.81,,528
11639,BLD115,GEOMETRY,1,C,2,3.81,,529
11661,BLD109C,PLUMBING (THEORY),3,C+,2.5,3.81,,530
11683,BLD109F,INDUSTRIAL ORIENTATION,1,C+,2.5,3.81,,531
11705,BLD110B,CARPENTRY & JOINERY (THEORY),1,F,0,3.81,,532
11727,BLD102,ELEMENTARY SURVEYING I,2,NG,,3.81,,533
11749,BLD109B,CARPENTRY & JOINERY (THEORY),1,C,2,3.81,,534
11771,ENGL111,COLLEGE ENGLISH I,3,C,2,3.81,,535
11793,BLD108,BUILDING CONSTRUCTION & DRAWING,4,D,1,3.81,,536
11815,BLD110A,MASONRY (THEORY),1,NG,,3.81,,537
11837,BLD116,GEOMETRY,1,C,2,3.81,,538
11859,BLD103,PROPERTIES OF MATERIALS 1,2,C,2,3.81,,539
11881,PHYS141,PHYSICS FOR BUILDING & ENGINEERING,2,F,0,3.81,,540
11903,BLD107,BUILDING CONSTRUCTION AND DRAWING 1,4,C+,2.5,3.81,,541
11925,CMPS4131,SOFTWARE ENGINEERING,3,C+,2.5,3.81,,542
11947,EDUC3453,CLASSROOM ASSESSMENT,3,B+,3.5,3.81,,543
11969,CMPS256,OPERATING SYSTEMS,3,A,4,3.81,,544
11991,CMPS3252,ALGORITHMS,3,C+,2.5,3.81,,545
12013,CMPS319,SYSTEMS ENGINEERING,3,C+,2.5,3.81,,546
12035,CMPS2232,OBJECT ORIENTED SYSTEM DEVELOPMENT,3,B+,3.5,3.81,,547
12057,CMPS2992,PROJECT,3,B,3,3.81,,548
12079,MATH322,LINEAR ALGEBRA 1,3,A-,3.75,3.81,,549
12101,CMPS4231,DIGITAL LOGIC & SIGNAL PROCESSING,3,D+,1.5,3.81,REPEAT,550
12123,CMPS2212,GUI PROGRAMMING,3,C+,2.5,3.81,,551
12145,CMPS4231,DIGITAL LOGIC & SIGNAL PROCESSING,3,B,3,3.81,,552
12167,PSYC1014,INTRODUCTION TO PSYCHOLOGY,3,B+,3.5,3.81,,553
12189,CMPS244,WEB APPLICATION DEV. 1,3,B,3,3.81,,554
12211,CMPS323,SYSTEMS ADMINISTRATION,3,B,3,2.81,,555
12233,CMPS4211,ADVANCED PC REPAIR,3,B,3,2.81,,556
12255,ENGL3155,TECHNICAL WRITING,3,B+,3.5,2.81,,557
12277,EDUC4256,MEASUREMENT AND EVALUATION,3,B,3,2.81,,558
12299,CMPS4991,SENIOR SEMINAR IN INFORMATION TECHNOLOGY,3,B,3,2.81,,559
12321,MATH3251,CALCULUS III,3,A-,3.75,2.81,,560
12343,CMPS416,COMPILER CONSTRUCTION,3,A-,3.75,2.81,,561
12365,ENGL318,TECHNICAL WRITING.,3,D+,1.5,2.81,,562
12387,CMPS324,SOFTWARE ENGINEERING,3,D,1,2.81,REPEAT,563
12409,CMPS332,P C REPAIR,3,B,3,2.81,,564
12431,CMPS328,DATABASE MGMT. SYS. II,3,D+,1.5,2.81,REPEAT,565
12453,MATH330,DISCRETE MATHEMATHICS,3,WP,,2.81,,566
12475,CMPS416,COMPILER CONSTRUCTION,3,D+,1.5,3.39,,567
12497,CMPS322,DIGITAL LOGIC & SIGNAL PROCESSING,3,RE,0,3.39,,568
12519,CMPS3151,TELECOMMUNICATION,3,B+,3.5,3.39,,569
12541,MATH3151,LINEAR ALGEBRA,3,WF,0,3.39,REPEAT,570
12563,MATH3251,CALCULUS III,3,D+,1.5,3.39,REPEAT,571
12585,CMPS4992,PROFESSIONAL PRACTICE,12,B,3,3.39,,572
12607,CMPS3012,MANAGEMENT INFORMATION SYSTEM,3,B,3,3.39,,573
12629,CMPS3111,PROGRAMMING LANGUAGES,3,D+,1.5,3.39,REPEAT,574
12651,CMPS3111,PROGRAMMING LANGUAGES,3,F,0,3.39,REPEAT,575
12673,CMPS4252,DIGITAL LOGIC AND DESIGN,3,A,4,3.39,,576
12695,ENGL3155,TECHNICAL WRITING,3,A-,3.75,3.39,,577
12717,CMPS3141,HUMAN COMPUTER INTERFACE,3,B,3,3.39,,578
12739,CMPS4232,SYSTEMS ADMINISTRATION,3,A,4,3.39,,579
12761,CMPS3171,NETWORK DESIGN,3,C+,2.5,3.39,,580
12783,CMPS4131,SOFTWARE ENGINEERING,3,B+,3.5,3.39,,581
12805,CMPS4991,SENIOR SEMINAR IN INFORMATION TECHNOLOGY,3,A-,3.75,3.39,,582
12827,CMPS4251,COMPUTER AND NETWORK SECURITY,3,B,3,3.39,,583
12849,CMPS4992,PROFESSIONAL PRACTICE,12,,,2.64,,584
12871,CMPS4191,ADVANCED WEB TECHNOLOGIES,3,B+,3.5,2.64,,585
12893,CMPS3162,ADVANCED DATABASES,3,A,4,2.64,,586
12915,CMPS321,TELECOMMUNICATIONS SYSTEMS,3,A-,3.75,2.64,,587
12937,CMPS411,COMPUTER NETWORK SECURITY,3,B+,3.5,2.64,,588
12959,MATH333,CALCULUS III,3,B+,3.5,2.64,,589
12981,CMPS424,PROFESSIONAL PRACTICE,12,A,4,2.64,,590
13003,CMPS360,MANAGEMENT INFORMATION SYSTEM,3,C+,2.5,2.64,,591
13025,CMPS413,ADVANCED WEB TECHNOLOGIES,3,WF,0,2.64,REPEAT,592
13047,CMPS422,SENIOR SEMINAR IN INFORMATION TECHNOLOGY,3,A-,3.75,2.64,,593
13069,CMPS314,ALGORITHMS,3,D,1,2.64,REPEAT,594
13091,CMCN209,COMMUNICATION SKILLS,3,D+,1.5,2.64,,595
13113,CMPS413,ADVANCED WEB TECHNOLOGIES,3,A-,3.75,2.64,,596
13135,CMPS213,BASIC PC REPAIR,3,B+,3.5,2.64,,597
13157,CMPS328,DATABASE MGMT. SYS. II,3,RE,0,2.64,,598
13179,CMPS144,PRINCIPLES OF PROGRAMMING II,3,WP,0,2.64,REPEAT,599
13201,MATH104,CALCULUS I,3,RE,0,2.64,,600
13223,CMPS321,TELECOMMUNICATIONS SYSTEMS,3,W,0,2.64,,601
13245,CMPS323,SYSTEMS ADMINISTRATION,3,RE,0,2.64,,602
13267,CMPS3252,ALGORITHMS,3,B,3,0,,603
13289,CMPS2151,WEB DEVELOPMENT,3,B,3,0,,604
13311,CMPS3151,TELECOMMUNICATION,3,D+,1.5,0,REPEAT,605
13333,MGMT101,APPLIED MANAGEMENT I,3,A,4,2.43,,606
13355,CMPS3131,ADVANCED GUI PROGRAMMING,3,B+,3.5,2.43,,607
13377,MGMT304,DYNAMICS OF ORG. BEHAVIOUR,3,B+,3.5,2.58,,608
13399,CMPS323,SYSTEMS ADMINISTRATION,3,D+,1.5,2.43,REPEAT,609
13421,MATH3151,LINEAR ALGEBRA,3,A-,3.75,2.43,,610
13443,CMPS318,ADVANCED PC REPAIR,3,B+,3.5,2.43,,611
13465,CMPS3232,SYSTEMS ADMINISTRATION,3,B+,3.5,2.43,,612
13487,CMPS4231,DIGITAL LOGIC & SIGNAL PROCESSING,3,B+,3.5,2.43,,613
13509,CMPS3131,ADVANCED GUI PROGRAMMING,3,RE,0,2.58,REPEAT,614
13531,CMPS245,DATABASE MANAGEMENT SYSTEMS I,3,NG,,2.58,,615
13553,CMPS247,COMPUTER NETWORKING I,3,NG,,2.43,,616
13575,HIST201,BELIZEAN HISTORY,3,NG,,2.43,,617
13597,CMPS142,PRINCIPLES OF PROGRAMMING I,3,C,2,2.43,REPEAT,618
13619,SOCL221,INTRODUCTION TO SOCIOLOGY,3,C+,2.5,2.58,,619
13641,PHIL210,ETHICS,3,B,3,2.58,,620
13663,CMPS144,PRINCIPLES OF PROGRAMMING II,3,W,0,2.58,,621
13685,MATH330,DISCRETE MATHEMATHICS,3,D,1,2.58,,622
13707,MGMT101,APPLIED MANAGEMENT I,3,C,2,2.43,,623
13729,MGMT285,BUSINESS ETHICS,3,B,3,2.43,,624
13751,CMPS142,PRINCIPLES OF PROGRAMMING I,3,C+,2.5,3.22,,625
13773,CMPS245,DATABASE MANAGEMENT SYSTEMS I,3,D+,1.5,3.22,,626
13795,ECON101,INTRODUCTION TO ECONOMICS,3,C+,2.5,3.22,,627
13817,CMPS315,NETWORK ENGINEERING,3,B,3,3.22,,628
13839,CMPS360,MANAGEMENT INFORMATION SYSTEM,3,NG,,3.22,,629
13861,MATH104,CALCULUS I,3,C+,2.5,3.22,,630
13883,MATH2201,CALCULUS II,3,D+,1.5,3.22,REPEAT,631
13905,CMPS3232,SYSTEMS ADMINISTRATION,3,A-,3.75,3.22,,632
13927,ENGL2105,COMMUNICATION SKILLS,3,C+,2.5,3.22,,633
13949,CMPS4111,DATABASE MANAGEMENT SYSTEMS II,3,C,2,3.22,,634
13971,MATH2201,CALCULUS II,3,B,3,3.22,,635
13993,PHYS1015,GENERAL PHYSICS I,3,C+,2.5,3.22,,636
14015,CMPS242,GUI PROGRAMMING,3,F,0,3.22,,637
14037,PHYS1015L,GENERAL PHYSICS I LAB,1,C+,2.5,3.22,,638
14059,CMPS323,SYSTEMS ADMINISTRATION,3,D+,1.5,3.22,,639
14081,MATH1151,ALGEBRA,3,A,4,3.22,,640
14103,CMPS413,ADVANCED WEB TECHNOLOGIES,3,WF,0,3.22,,641
14125,CMPS317,ADVANCED GUI DEVELOPMENT,3,B,3,3.22,,642
14147,CMPS314,ALGORITHMS,3,D+,1.5,3.22,REPEAT,643
14169,CMPS255,OBJECT ORIENTED SYSTEM DEV.,3,D+,1.5,3.22,REPEAT,644
14191,CMCN209,COMMUNICATION SKILLS,3,B,3,3.07,,645
14213,CMPS411,COMPUTER NETWORK SECURITY,3,B,3,3.07,,646
14235,MATH322,LINEAR ALGEBRA 1,3,C,2,3.07,,647
14257,CMPS328,DATABASE MGMT. SYS. II,3,WF,0,3.07,,648
14279,MATH333,CALCULUS III,3,B,3,3.07,,649
14301,CMPS3131,ADVANCED GUI PROGRAMMING,3,B,3,3.07,,650
14323,CMPS4251,COMPUTER AND NETWORK SECURITY,3,B+,3.5,3.07,,651
14345,MGMT304,DYNAMICS OF ORG. BEHAVIOUR,3,B,3,3.07,,652
14367,MATH203,CALCULUS II,3,B+,3.5,3.07,,653
14389,PHIL210,ETHICS,3,B+,3.5,3.07,,654
14411,CMPS242,GUI PROGRAMMING,3,A-,3.75,3.07,,655
14433,CMPS255,OBJECT ORIENTED SYSTEM DEV.,3,C+,2.5,3.07,,656
14455,CMPS3252,ALGORITHMS,3,B+,3.5,3.07,,657
14477,CMPS256,OPERATING SYSTEMS,3,D+,1.5,3.07,REPEAT,658
14499,CMPS3252,ALGORITHMS,3,W,0,3.07,REPEAT,659
14521,CMPS2232,OBJECT ORIENTED SYSTEM DEVELOPMENT,3,C,2,3.07,,660
14543,CMPS142,PRINCIPLES OF PROGRAMMING I,3,B,3,3.07,,661
14565,CMPS157,SYSTEM ANALYSIS,3,C+,2.5,3.07,,662
14587,CMPS2131,DATA STRUCTURES,3,C+,2.5,3.07,,663
14609,CMPS3232,SYSTEMS ADMINISTRATION,3,D+,1.5,3.07,REPEAT,664
14631,CMPS144,PRINCIPLES OF PROGRAMMING II,3,D,1,3.68,REPEAT,665
14653,MATH203,CALCULUS II,3,WF,0,3.68,REPEAT,666
14675,CMPS3151,TELECOMMUNICATION,3,F,0,3.68,REPEAT,667
14697,CMPS1232,PRINCIPLES OF PROGRAMMING II,3,C+,2.5,3.68,,668
14719,CMPS328,DATABASE MGMT. SYS. II,3,W,0,3.68,,669
14741,CMPS318,ADVANCED PC REPAIR,3,C,2,3.68,,670
14763,CMPS2212,GUI PROGRAMMING,3,B,3,3.68,,671
14785,CMPS2252,OPERATING SYSTEMS,3,A-,3.75,3.68,,672
14807,CMPS315,NETWORK ENGINEERING,3,A,4,3.68,,673
14829,CMPS3111,PROGRAMMING LANGUAGES,3,B+,3.5,3.68,,674
14851,ENGL3155,TECHNICAL WRITING,3,B,3,3.68,,675
14873,CMPS4992,PROFESSIONAL PRACTICE,12,A,4,3.68,,676
14895,MATH203,CALCULUS II,3,A-,3.75,3.68,,677
14917,CMPS242,GUI PROGRAMMING,3,B+,3.5,3.68,,678
14939,MATH333,CALCULUS III,3,C+,2.5,3.68,,679
14961,CMCN209,COMMUNICATION SKILLS,3,A,4,3.68,,680
14983,CMPS328,DATABASE MGMT. SYS. II,3,D,1,3.33,REPEAT,681
15005,CMPS413,ADVANCED WEB TECHNOLOGIES,3,B+,3.5,3.33,,682
15027,CMPS242,GUI PROGRAMMING,3,A,4,3.33,,683
15049,CMPS424,PROFESSIONAL PRACTICE,12,B+,3.5,3.33,,684
15071,PSYC221,INTRO TO PSYCHOLOGY,3,A,4,3.33,,685
15093,MATH207,STATISTICS,3,B,3,3.33,,686
15115,MATH203,CALCULUS II,3,D+,1.5,3.33,REPEAT,687
15137,CMPS256,OPERATING SYSTEMS,3,WF,0,3.33,,688
15159,CMPS242,GUI PROGRAMMING,3,B,3,3.33,,689
15181,CMPS315,NETWORK ENGINEERING,3,C+,2.5,3.33,,690
15203,CMPS3111,PROGRAMMING LANGUAGES,3,NG,,3.33,,691
15225,CMPS317,ADVANCED GUI DEVELOPMENT,3,W,0,3.33,,692
15247,CMPS3131,ADVANCED GUI PROGRAMMING,3,F,0,3.33,,693
15269,CMPS316,PROGRAMMING LANGUAGES,3,W,0,3.33,,694
15291,CMPS411,COMPUTER NETWORK SECURITY,3,D+,1.5,3.33,,695
15313,CMPS416,COMPILER CONSTRUCTION,3,WP,0,3.33,REPEAT,696
15335,MATH441,NUMERICAL ANALYSIS,4,C+,2.5,3.33,,697
15357,CMPS323,SYSTEMS ADMINISTRATION,3,D,1,3.33,REPEAT,698
15379,EDUC306,SOCIAL CONTEXT OF SCHOOLING,3,B+,3.5,3.81,,699
15401,CMPS424,PROFESSIONAL PRACTICE,12,B,3,3.81,,700
15423,CMPS323,SYSTEMS ADMINISTRATION,3,A-,3.75,3.81,,701
15445,CMPS328,DATABASE MGMT. SYS. II,3,D,1,3.81,,702
15467,MATH203,CALCULUS II,3,B,3,3.81,,703
15489,MATH101,ALGEBRA 1,3,B,3,3.81,,704
15511,CMPS140,INTRODUCTION TO COMPUTER STUDIES,3,A-,3.75,3.81,,705
15533,CMPS319,SYSTEMS ENGINEERING,3,C,2,3.81,,706
15555,MAT103,TRIGONOMETRY 1,3,C+,2.5,3.81,,707
15577,CMPS317,ADVANCED GUI DEVELOPMENT,3,A-,3.75,3.81,,708
15599,MATH333,CALCULUS III,3,D,1,3.81,REPEAT,709
15621,MATH104,CALCULUS I,3,F,0,3.81,REPEAT,710
15643,CMPS245,DATABASE MANAGEMENT SYSTEMS I,3,D,1,3.81,REPEAT,711
15665,CMPS4131,SOFTWARE ENGINEERING,3,B,3,3.81,,712
15687,PSYC221,INTRO TO PSYCHOLOGY,3,C,2,3.81,,713
15709,CMPS4111,DATABASE MANAGEMENT SYSTEMS II,3,WF,0,3.81,,714
15731,CMPS1212,BASIC PC REPAIR,3,B,3,3.81,,715
15753,SPAN102,LEVEL 2 LOWER-INTERMEDIATE SPANISH,3,C,2,3.17,,716
15775,CMPS245,DATABASE MANAGEMENT SYSTEMS I,3,C,2,3.17,,717
15797,CMPS2131,DATA STRUCTURES,3,B,3,3.17,,718
15819,MATH322,LINEAR ALGEBRA 1,3,C+,2.5,3.17,,719
15841,CMPS413,ADVANCED WEB TECHNOLOGIES,3,C+,2.5,3.17,,720
15863,CMPS318,ADVANCED PC REPAIR,3,A-,3.75,3.17,,721
15885,CMCN209,COMMUNICATION SKILLS,3,A-,3.75,3.17,,722
15907,CMPS319,SYSTEMS ENGINEERING,3,A,4,3.17,,723
15929,MGMT304,DYNAMICS OF ORG. BEHAVIOUR,3,A,4,3.17,,724
15951,CMPS142,PRINCIPLES OF PROGRAMMING I,3,A,4,3.17,,725
15973,MAT103,TRIGONOMETRY 1,3,A,4,3.17,,726
15995,MATH330,DISCRETE MATHEMATHICS,3,WP,0,3.17,REPEAT,727
16017,CMPS328,DATABASE MGMT. SYS. II,3,D+,1.5,3.17,,728
16039,MATH441,NUMERICAL ANALYSIS,3,W,0,3.17,,729
16061,CMPS321,TELECOMMUNICATIONS SYSTEMS,3,C,2,3.17,REPEAT,730
16083,CMPS416,COMPILER CONSTRUCTION,3,W,0,3.17,,731
16105,CMPS323,SYSTEMS ADMINISTRATION,3,A,4,3.17,,732
16127,MATH333,CALCULUS III,3,A,4,3.17,,733
16149,CMPS317,ADVANCED GUI DEVELOPMENT,3,A,4,3.11,,734
16171,MATH322,LINEAR ALGEBRA 1,3,B+,3.5,3.11,,735
16193,CMPS413,ADVANCED WEB TECHNOLOGIES,3,A,4,3.11,,736
16215,CMPS322,DIGITAL LOGIC & SIGNAL PROCESSING,3,W,0,3.11,,737
16237,MATH203,CALCULUS II,3,D,1,3.11,,738
16259,CMPS156,DATA STRUCTURES,3,WP,0,3.11,,739
16281,CMPS413,ADVANCED WEB TECHNOLOGIES,3,B,3,3.11,,740
16303,MATH203,CALCULUS II,3,W,0,3.11,REPEAT,741
16325,CMPS317,ADVANCED GUI DEVELOPMENT,3,C,2,3.11,,742
16347,CMPS411,COMPUTER NETWORK SECURITY,3,WP,0,3.11,,743
16369,CMPS3272,SYSTEMS ENGINEERING,3,B,3,3.11,,744
16391,ENGL318,TECHNICAL WRITING.,3,RE,,3.11,,745
16413,MATH322,LINEAR ALGEBRA 1,3,RE,,3.11,,746
16435,MATH2201,CALCULUS II,3,A,4,3.11,,747
16457,CMPS2151,WEB DEVELOPMENT,3,A-,3.75,3.11,,748
16479,CMPS3012,MANAGEMENT INFORMATION SYSTEM,3,A-,3.75,3.11,,749
16501,CMPS316,PROGRAMMING LANGUAGES,3,RE,,3.11,,750
16523,MATH203,CALCULUS II,3,RE,,3.17,,751
16545,CMPS321,TELECOMMUNICATIONS SYSTEMS,3,D+,1.5,3.17,,752
16567,ENGL3155,TECHNICAL WRITING,3,C,2,3.17,,753
16589,MATH322,LINEAR ALGEBRA 1,3,W,0,0,,754
16611,CMPS317,ADVANCED GUI DEVELOPMENT,3,RE,,0,,755
16633,CMPS321,TELECOMMUNICATIONS SYSTEMS,3,NG,,0,,756
16655,ENGL2105,COMMUNICATION SKILLS,3,A,4,3.28,,757
16677,CMPS4111,DATABASE MANAGEMENT SYSTEMS II,3,A,4,3.28,,758
16699,CMPS3252,ALGORITHMS,3,F,0,3.28,,759
16721,MATH104,CALCULUS I,3,WP,0,3.28,,760
16743,CMPS321,TELECOMMUNICATIONS SYSTEMS,3,C,2,3.28,,761
16765,CMPS411,COMPUTER NETWORK SECURITY,3,C,2,3.28,,762
16787,CMPS4191,ADVANCED WEB TECHNOLOGIES,3,A-,3.75,3.28,,763
16809,CMPS319,SYSTEMS ENGINEERING,3,F,0,3.28,REPEAT,764
16831,MATH322,LINEAR ALGEBRA 1,3,A,4,3.28,,765
16853,MATH333,CALCULUS III,3,D+,1.5,3.28,REPEAT,766
16875,CMPS321,TELECOMMUNICATIONS SYSTEMS,3,D+,1.5,3.28,REPEAT,767
16897,MATH333,CALCULUS III,3,A-,3.75,3.28,,768
16919,CMPS413,ADVANCED WEB TECHNOLOGIES,3,W,0,3.28,,769
16941,CMPS314,ALGORITHMS,3,W,0,3.28,REPEAT,770
16963,CMPS416,COMPILER CONSTRUCTION,3,F,0,3.28,REPEAT,771
16985,CMPS323,SYSTEMS ADMINISTRATION,3,C,2,3.28,,772
17007,CMPS323,SYSTEMS ADMINISTRATION,3,F,0,3.28,REPEAT,773
17029,MATH202,STATISTICS 2,3,D,1,3.28,,774
17051,CMPS422,SENIOR SEMINAR IN INFORMATION TECHNOLOGY,3,C,2,3.28,,775
17073,MATH207,STATISTICS,3,D+,1.5,3.28,,776
17095,CMPS319,SYSTEMS ENGINEERING,3,D,1,3.28,REPEAT,777
17117,CMPS360,MANAGEMENT INFORMATION SYSTEM,3,F,0,3.28,REPEAT,778
17139,CMPS317,ADVANCED GUI DEVELOPMENT,3,F,0,3.28,REPEAT,779
17161,CMPS2131,DATA STRUCTURES,3,F,0,3.28,REPEAT,780
17183,MATH207,STATISTICS,3,D,1,3.28,REPEAT,781
17205,CMPS3131,ADVANCED GUI PROGRAMMING,3,F,0,3.28,REPEAT,782
17227,SOCL1014,INTRODUCTION TO SOCIOLOGY,3,F,0,3.28,,783
17249,CMPS1134,FUNDAMENTALS OF COMPUTING,3,NG,,2.88,,784
17271,CMPS411,COMPUTER NETWORK SECURITY,3,WF,0,2.88,,785
17293,CMPS155,COMPUTER TECHNOLOGY,3,A,4,2.88,,786
17315,CMPS157,SYSTEM ANALYSIS,3,C,2,2.88,,787
17337,CMPS144,PRINCIPLES OF PROGRAMMING II,3,NG,,2.88,,788
17359,CMPS142,PRINCIPLES OF PROGRAMMING I,3,A-,3.75,2.88,,789
17381,MATH101,ALGEBRA 1,3,C+,2.5,2.88,,790
17403,MATH441,NUMERICAL ANALYSIS,3,W,0,2.88,REPEAT,791
17425,CMPS323,SYSTEMS ADMINISTRATION,3,D,1,2.88,,792
17447,CMPS317,ADVANCED GUI DEVELOPMENT,3,D,1,2.88,,793
17469,MATH203,CALCULUS II,3,WF,0,2.88,,794
17491,SOCL221,INTRODUCTION TO SOCIOLOGY,3,B+,3.5,2.88,,795
17513,CMPS156,DATA STRUCTURES,3,WP,0,2.88,REPEAT,796
17535,MATH330,DISCRETE MATHEMATHICS,3,WF,0,2.88,REPEAT,797
17557,CMPS144,PRINCIPLES OF PROGRAMMING II,3,C,2,2.88,REPEAT,798
17579,CMPS156,DATA STRUCTURES,3,W,0,2.88,REPEAT,799
17601,CMPS244,WEB APPLICATION DEV. 1,3,C+,2.5,2.88,,800
17623,SPAN112,SPANISH II,3,A,4,2.88,,801
17645,PHYS241,GENERAL PHYSICS I,3,WP,0,2.88,,802
17667,CMPS156,DATA STRUCTURES,3,F,0,3.25,,803
17689,MATH203,CALCULUS II,3,F,0,3.25,,804
17711,CMPS4231,DIGITAL LOGIC & SIGNAL PROCESSING,3,A,4,3.25,,805
17733,CMPS3252,ALGORITHMS,3,A,4,3.25,,806
17755,MATH3151,LINEAR ALGEBRA,3,F,0,3.25,,807
17777,MATH3251,CALCULUS III,3,F,0,3.25,REPEAT,808
17799,CMPS323,SYSTEMS ADMINISTRATION,3,WF,0,3.25,,809
17821,PHYS241,GENERAL PHYSICS I,2,F,0,3.25,,810
17843,CMCN209,COMMUNICATION SKILLS,3,WF,0,3.25,,811
17865,CMPS213,BASIC PC REPAIR,3,F,0,3.25,,812
17887,CMPS3151,TELECOMMUNICATION,3,F,0,3.25,,813
17909,CMPS317,ADVANCED GUI DEVELOPMENT,3,F,0,3.25,,814
17931,MAT103,TRIGONOMETRY 1,3,F,0,3.25,,815
17953,PHYS241L,GENERAL PHYSICS LAB,1,C,2,3.25,,816
17975,CMPS316,PROGRAMMING LANGUAGES,3,D,1,3.25,,817
17997,CMPS319,SYSTEMS ENGINEERING,3,F,0,3.25,,818
18019,MGMT3015,ORGANIZATIONAL BEHAVIOR,3,C,2,3.25,,819
18041,GSTU101,STUDY SKILLS,1,A,4,3.25,,820
18063,MATH3025,BUSINESS STATISTICS II,3,C+,2.5,3.25,,821
18085,CMPS322,DIGITAL LOGIC & SIGNAL PROCESSING,3,D+,1.5,3.25,REPEAT,822
18107,CMPS255,OBJECT ORIENTED SYSTEM DEV.,3,F,0,3.25,REPEAT,823
18129,MATH441,NUMERICAL ANALYSIS,4,C,2,3.25,,824
18151,CMPS328,DATABASE MGMT. SYS. II,3,WF,0,3.25,REPEAT,825
18173,MATH324,FUNDAMENTAL CONCEPTS OF MATH,3,F,0,3.25,,826
18195,MATH104,CALCULUS I,3,B,3,3.25,,827
18217,PHYS241,GENERAL PHYSICS I,3,WF,0,3.25,REPEAT,828
18239,CMPS156,DATA STRUCTURES,3,WF,0,3.25,REPEAT,829
18261,CMPS315,NETWORK ENGINEERING,3,C,2,3.25,,830
18283,CMPS4111,DATABASE MANAGEMENT SYSTEMS II,3,WF,0,3.25,REPEAT,831
18305,MAT103,TRIGONOMETRY 1,3,WF,0,3.25,REPEAT,832
18327,MATH121,INTERMEDIATE ALGEBRA,3,B+,3.5,3.25,,833
18349,CMPS332,P C REPAIR,3,D+,0,3.25,REPEAT,834
18371,CMPS245,DATABASE MANAGEMENT SYSTEMS I,3,WF,0,3.25,REPEAT,835
18393,MATH102,COMPLEX NUMBERS & VECTORS,3,D,1,3.25,,836
18415,PHYS241L,GENERAL PHYSICS LAB,1,,,3.25,,837
18437,CMPS244,WEB APPLICATION DEV. 1,3,A,4,3.25,,838
18459,CMPS244,WEB APPLICATION DEV. 1,3,NG,,3.25,,839
18481,CMPS242,GUI PROGRAMMING,3,AU,0,3.25,,840
18503,CMPS256,OPERATING SYSTEMS,3,WP,0,3.25,,841
18525,CMPS413,ADVANCED WEB TECHNOLOGIES,3,C,2,3.25,,842
18547,SPAN101,LEVEL 1 BEGINNING SPANISH,3,A,4,3.25,,843
18569,CMPS255,OBJECT ORIENTED SYSTEM DEV.,3,AU,0,3.58,,844
18591,CMPS144,PRINCIPLES OF PROGRAMMING II,3,AU,0,3.58,,845
18613,MATH203,CALCULUS II,3,D+,1.5,3.58,,846
18635,PSYC342,ADOLESCENT PSYCHOLOGY,3,B+,3.5,3.58,,847
18657,CMPS140,INTRODUCTION TO COMPUTER STUDIES,3,A,4,3.58,,848
18679,MATH101,ALGEBRA 1,3,B+,3.5,3.58,,849
18701,MATH104,CALCULUS I,3,C,2,3.58,,850
18723,MATH104,CALCULUS I,3,D,1,3.58,REPEAT,851
18745,HIST201,BELIZEAN HISTORY,3,A,4,3.58,,852
18767,CMPS3151,TELECOMMUNICATION,3,A,4,3.58,,853
18789,PSYC221,INTRO TO PSYCHOLOGY,3,D,1,3.58,,854
18811,CMPS4111,DATABASE MANAGEMENT SYSTEMS II,3,C+,2.5,3.58,,855
18833,CMPS322,DIGITAL LOGIC & SIGNAL PROCESSING,3,F,0,3.58,REPEAT,856
18855,CMPS323,SYSTEMS ADMINISTRATION,3,WF,0,3.58,REPEAT,857
18877,CMPS1131,PROGRAMMING I,3,B+,3.5,3.58,,858
18899,CMPS3151,TELECOMMUNICATION,3,D,1,0,REPEAT,859
18921,CMPS3151,TELECOMMUNICATION,3,B,3,3.33,,860
18943,CMPS4231,DIGITAL LOGIC & SIGNAL PROCESSING,3,D,1,3.33,REPEAT,861
18965,MGMT3015,ORGANIZATIONAL BEHAVIOR,3,B+,3.5,3.33,,862
18987,CMPS3272,SYSTEMS ENGINEERING,3,C+,2.5,3.33,,863
19009,CMPS3252,ALGORITHMS,3,F,0,3.33,REPEAT,864
19031,CMPS4992,PROFESSIONAL PRACTICE,12,C,2,3.33,,865
19053,CMPS4191,ADVANCED WEB TECHNOLOGIES,3,WF,0,0,,866
19075,CMPS2252,OPERATING SYSTEMS,3,B,3,0,,867
19097,ENGL2105,COMMUNICATION SKILLS,3,A-,3.75,0,,868
19119,MATH2201,CALCULUS II,3,F,0,0,REPEAT,869
19141,MATH3251,CALCULUS III,3,D,1,3.33,REPEAT,870
19163,CMPS3252,ALGORITHMS,3,D,1,3.33,REPEAT,871
19185,MATH3251,CALCULUS III,3,NG,,3.33,REPEAT,872
19207,CMPS2212,GUI PROGRAMMING,3,C,2,3.33,,873
19229,MATH104,CALCULUS I,3,A,4,3.33,,874
19251,CMPS144,PRINCIPLES OF PROGRAMMING II,3,A,4,1.81,,875
19273,MATH322,LINEAR ALGEBRA 1,3,F,0,1.81,REPEAT,876
19295,CMPS360,MANAGEMENT INFORMATION SYSTEM,3,WP,0,1.81,REPEAT,877
19317,CMPS245,DATABASE MANAGEMENT SYSTEMS I,3,D+,0.17,1.81,REPEAT,878
19339,MGMT101,APPLIED MANAGEMENT I,3,C+,2.5,1.81,,879
19361,CMPS413,ADVANCED WEB TECHNOLOGIES,3,F,0,1.81,REPEAT,880
19383,CMPS318,ADVANCED PC REPAIR,3,C+,2.5,1.81,,881
19405,MAT103,TRIGONOMETRY 1,3,B+,3.5,1.81,,882
19427,MATH441,NUMERICAL ANALYSIS,4,WP,0,1.81,,883
19449,SPAN101,LEVEL 1 BEGINNING SPANISH,3,A-,3.75,1.81,,884
19471,MATH101,ALGEBRA 1,3,A-,3.75,1.81,,885
19493,MATH104,CALCULUS I,3,A-,3.75,2.81,,886
19515,CMPS255,OBJECT ORIENTED SYSTEM DEV.,3,WP,0,2.81,REPEAT,887
19537,MATH441,NUMERICAL ANALYSIS,4,B,3,2.81,,888
19559,MATH333,CALCULUS III,3,WP,0,2.81,REPEAT,889
19581,CMPS213,BASIC PC REPAIR,3,,,2.81,,890
19603,CMPS144,PRINCIPLES OF PROGRAMMING II,3,A-,3.75,2.81,,891
19625,MAT103,TRIGONOMETRY 1,3,B,3,2.81,,892
19647,CMPS324,SOFTWARE ENGINEERING,3,WF,0,2.81,REPEAT,893
19669,CMPS315,NETWORK ENGINEERING,3,F,0,2.81,,894
19691,SPAN111,SPANISH 1,3,B+,3.5,2.81,,895
19713,CMPS213,BASIC PC REPAIR,3,F,0,2.81,REPEAT,896
19735,CMPS245,DATABASE MANAGEMENT SYSTEMS I,3,C,2,2.81,REPEAT,897
19757,CMPS244,WEB APPLICATION DEV. 1,3,C+,2.5,2.81,REPEAT,898
19779,CMPS213,BASIC PC REPAIR,3,C+,2.5,2.81,,899
19801,ENGL318,TECHNICAL WRITING.,3,C,2,2.81,REPEAT,900
19823,CMPS4991,SENIOR SEMINAR IN INFORMATION TECHNOLOGY,3,C+,2.5,2.81,,901
19845,ENGL3155,TECHNICAL WRITING,3,F,0,2.81,REPEAT,902
19867,CMPS411,COMPUTER NETWORK SECURITY,3,D,1,2.81,REPEAT,903
19889,MATH322,LINEAR ALGEBRA 1,3,WF,0,3.45,REPEAT,904
19911,CMPS317,ADVANCED GUI DEVELOPMENT,3,D,1,3.45,REPEAT,905
19933,CMPS4151,NETWORK ENGINEERING,3,C,2,3.45,,906
19955,CMPS4151,NETWORK ENGINEERING,3,B+,3.5,3.45,,907
19977,CMPS4175,ROUTING AND SWITCHING,3,A,4,3.45,,908
19999,SPAN2015,LEVEL 3 INTERMEDIATE SPANISH,3,P,0,3.45,,909
20021,CMPS3252,ALGORITHMS,3,,,3.45,,910
20043,MATH3251,CALCULUS III,3,WP,0,3.45,REPEAT,911
20065,CMPS3141,HUMAN COMPUTER INTERFACE,3,C,2,3.45,,912
20087,CMPS4232,SYSTEMS ADMINISTRATION,3,B+,3.5,3.45,,913
20109,PLAS0014,SPANISH PLACEMENT EXAM,0,A,0,3.45,,914
20131,RSCH2014,RESEARCH METHODS,3,W,0,3.45,,915
20153,CMPS318,ADVANCED PC REPAIR,3,WF,0,3.45,,916
20175,CMPS3111,PROGRAMMING LANGUAGES,3,RE,0,3.45,REPEAT,917
20197,MATH3251,CALCULUS III,3,W,0,3.45,REPEAT,918
20219,RSCH2014,RESEARCH METHODS,3,W,0,3.45,REPEAT,919
20241,CMPS4191,ADVANCED WEB TECHNOLOGIES,3,A,4,3.45,,920
20263,MAT103,TRIGONOMETRY 1,3,WP,0,2.88,REPEAT,921
20285,CMPS422,SENIOR SEMINAR IN INFORMATION TECHNOLOGY,3,F,0,2.88,REPEAT,922
20307,SPAN101,LEVEL 1 BEGINNING SPANISH,3,B,3,3.61,,923
20329,MATH441,NUMERICAL ANALYSIS,4,WP,0,3.61,REPEAT,924
20351,CMPS321,TELECOMMUNICATIONS SYSTEMS,3,F,0,3.61,,925
20373,CMPS322,DIGITAL LOGIC & SIGNAL PROCESSING,3,D,1,3.61,REPEAT,926
20395,MATH104,CALCULUS I,3,B+,3.5,3.61,,927
20417,CMPS315,NETWORK ENGINEERING,3,D,1,3.61,REPEAT,928
20439,CMPS140,INTRODUCTION TO COMPUTER STUDIES,3,WF,0,3.61,REPEAT,929
20461,CMPS322,DIGITAL LOGIC & SIGNAL PROCESSING,3,WF,0,3.61,REPEAT,930
20483,GSTU101,STUDY SKILLS,1,D,1,3.61,,931
20505,CMPS314,ALGORITHMS,3,D+,1.5,3.61,,932
20527,CMPS245,DATABASE MANAGEMENT SYSTEMS I,3,WF,0,3.61,,933
20549,MATH101,ALGEBRA 1,3,C,2,3.61,,934
20571,CMPS413,ADVANCED WEB TECHNOLOGIES,3,D+,1.5,3.61,,935
20593,MAT103,TRIGONOMETRY 1,3,W,0,3.61,REPEAT,936
20615,CMCN209,COMMUNICATION SKILLS,3,WF,0,3.61,REPEAT,937
20637,CMPS322,DIGITAL LOGIC & SIGNAL PROCESSING,3,D,0,3.61,REPEAT,938
20659,CMPS321,TELECOMMUNICATIONS SYSTEMS,3,WF,0,3.61,,939
20681,MATH1302,CALCULUS I,3,F,0,3.61,REPEAT,940
20703,MATH1201,TRIGONOMETRY,3,A-,3.75,3.61,,941
20725,CMPS414,NETWORKING II,3,WF,0,3.61,,942
20747,CMPS322,DIGITAL LOGIC & SIGNAL PROCESSING,3,W,0,3.61,REPEAT,943
20769,CMPS413,ADVANCED WEB TECHNOLOGIES,3,D+,1.5,3.14,REPEAT,944
20791,CMPS4231,DIGITAL LOGIC & SIGNAL PROCESSING,3,F,0,3.14,REPEAT,945
20813,MATH1302,CALCULUS I,3,A-,3.75,3.14,,946
20835,MAT103,TRIGONOMETRY 1,3,F,0,3.14,REPEAT,947
20857,MATH3251,CALCULUS III,3,A,4,3.14,,948
20879,CMPS4191,ADVANCED WEB TECHNOLOGIES,3,C+,2.5,3.14,,949
20901,CMPS4232,SYSTEMS ADMINISTRATION,3,A-,3.75,3.14,,950
20923,ENGL1035,THE COMPOSING PROCESS,3,C+,2.5,3.14,,951
20945,RSCH2014,RESEARCH METHODS,3,C+,2.5,3.14,,952
20967,CMPS4131,SOFTWARE ENGINEERING,3,F,0,3.14,REPEAT,953
20989,PSYC221,INTRO TO PSYCHOLOGY,3,C+,2.5,3.14,,954
21011,MATH101,ALGEBRA 1,3,W,0,3.14,,955
21033,CMPS142,PRINCIPLES OF PROGRAMMING I,3,W,0,3.14,,956
21055,HIST201,BELIZEAN HISTORY,3,C+,2.5,3.14,,957
21077,SPAN112,SPANISH II,3,D,1,3.14,,958
21099,SOCL221,INTRODUCTION TO SOCIOLOGY,3,D,1,3.14,,959
21121,HIST1014,INTRODUCTION TO BELIZEAN HISTORY,3,C,2,3.14,,960
21143,CMPS4992,PROFESSIONAL PRACTICE,12,C+,2.5,3.14,,961
21165,MATH102,COMPLEX NUMBERS & VECTORS,3,B,3,3.14,,962
21187,MATH208,INTRO TO DISCRETE MATHEMATICS,3,C+,2.5,3.14,,963
21209,MATH207,STATISTICS,3,C+,2.5,3.14,,964
21231,PHYS241L,GENERAL PHYSICS LAB,0,F,0,3.14,,965
21253,MATH322,LINEAR ALGEBRA 1,3,WP,0,3.14,REPEAT,966
21275,CMPS144,PRINCIPLES OF PROGRAMMING II,3,C+,2.5,3.14,,967
21297,PHYS241,GENERAL PHYSICS I,2,A-,3.75,3.14,,968
21319,CMPS411,COMPUTER NETWORK SECURITY,3,A-,3.75,3.14,,969
21341,CMPS4231,DIGITAL LOGIC & SIGNAL PROCESSING,3,A-,3.75,3.14,,970
21363,CMPS4251,COMPUTER AND NETWORK SECURITY,3,A-,3.75,3.14,,971
21385,NRMP1014,ENVIRONMENTAL CONSERVATION & DEVELOPMENT,3,B+,3.5,3.14,,972
21407,MATH2201,CALCULUS II,3,B+,3.5,3.14,,973
21429,CMPS4191,ADVANCED WEB TECHNOLOGIES,3,F,0,3.14,,974
21451,CMPS3012,MANAGEMENT INFORMATION SYSTEM,3,D+,1.5,3,REPEAT,975
21473,ENGL2105,COMMUNICATION SKILLS,3,C,2,3,,976
21495,CMPS3012,MANAGEMENT INFORMATION SYSTEM,3,F,0,3,REPEAT,977
21517,CMPS3272,SYSTEMS ENGINEERING,3,D+,1.5,3,REPEAT,978
21539,MATH2201,CALCULUS II,3,C+,2.5,3,,979
21561,CMPS3131,ADVANCED GUI PROGRAMMING,3,D+,1.5,3,REPEAT,980
21583,CMPS3232,SYSTEMS ADMINISTRATION,3,C+,2.5,3,,981
21605,MGMT466,PUBLIC ADMINISTRATION & POLICY,3,B+,3.5,3,,982
21627,MGMT475,PRODUCTION & OPERATIONS MANAGEMENT,3,A-,3.75,3,,983
21649,FNAN332,FINANCIAL MANAGEMENT,3,C+,2.5,3,,984
21671,MATH340,BUSINESS CALCULUS,3,C+,2.5,3,,985
21693,ECON433,MANAGERIAL ECONOMICS,3,C+,2.5,3,,986
21715,ACTG303,PRINCIPLES OF MANAGERIAL ACCOUNTING,3,B+,3.5,3,,987
21737,MGMT320,INTERNATIONAL BUSINESS,3,B,3,3,,988
21759,MGMT398,SOCIO-ECONOMIC DEVELOPMENT,3,C+,2.5,3,,989
21781,MATH339,FINITE MATH,3,C+,2.5,3,,990
21803,MGMT373,HUMAN RESOURCE MANAGEMENT,3,C+,2.5,3,,991
21825,FNAN221,PRINCIPLES OF FINANCE,3,C+,2.5,3,,992
21847,MGMT411,SMALL BUSINESS MANAGEMENT,3,B,3,3,,993
21869,CMPS3151,TELECOMMUNICATION,3,W,0,3,,994
21891,CMPS3111,PROGRAMMING LANGUAGES,3,D,1,3,,995
21913,MATH3151,LINEAR ALGEBRA,3,D,1,3,,996
21935,CMPS2232,OBJECT ORIENTED SYSTEM DEVELOPMENT,3,C+,2.5,3,,997
21957,CMPS3131,ADVANCED GUI PROGRAMMING,3,D+,1.5,3,,998
21979,MATH3251,CALCULUS III,3,D+,1.5,3,,999
22001,CMPS3141,HUMAN COMPUTER INTERFACE,3,D,1,3,,1000
22023,CMPS3171,NETWORK DESIGN,3,F,0,3,,1001
22045,MATH101,ALGEBRA 1,3,WF,0,3,,1002
22067,PHYS241,GENERAL PHYSICS I,2,RE,0,3,,1003
22089,MATH322,LINEAR ALGEBRA 1,3,RE,0,3,,1004
22111,CMPS256,OPERATING SYSTEMS,3,D+,1.5,3,,1005
22133,PHYS241L,GENERAL PHYSICS LAB,1,RE,0,1.7,,1006
22155,CMPS321,TELECOMMUNICATIONS SYSTEMS,3,RE,0,1.7,,1007
22177,PHYS241L,GENERAL PHYSICS LAB,1,WP,0,1.7,,1008
22199,MATH333,CALCULUS III,3,RE,0,1.7,,1009
22221,CMPS314,ALGORITHMS,3,WF,0,1.7,,1010
22243,SPAN101,LEVEL 1 BEGINNING SPANISH,3,B+,3.5,1.7,,1011
22265,PHYS241L,GENERAL PHYSICS LAB,1,F,0,1.7,,1012
22287,CMPS413,ADVANCED WEB TECHNOLOGIES,3,WP,0,1.7,,1013
22309,CMPS4131,SOFTWARE ENGINEERING,3,A-,3.75,1.7,,1014
22331,CMPS4991,SENIOR SEMINAR IN INFORMATION TECHNOLOGY,3,C,2,1.7,,1015
22353,EDUC3302,INSTRUCTIONAL TECHNIQUES,3,A-,3.75,2.65,,1016
22375,CMPS4191,ADVANCED WEB TECHNOLOGIES,3,C,2,2.65,,1017
22397,SPED3111,INTRODUCTION TO SPECIAL EDUCATION,3,B,3,2.65,,1018
22419,CMPS2191,NETWORKING 1,3,B,3,2.65,,1019
22441,MATH1201,TRIGONOMETRY,3,D,1,2.65,,1020
22463,MATH1151,ALGEBRA,3,C+,2.5,2.65,,1021
22485,PSYC221,INTRO TO PSYCHOLOGY,3,F,0,2.65,REPEAT,1022
22507,CMPS140,INTRODUCTION TO COMPUTER STUDIES,3,C+,2.5,2.65,,1023
22529,CMPS1212,BASIC PC REPAIR,3,C+,2.5,2.65,,1024
22551,EDUC3552,ADOLESCENT PSYCHOLOGY,3,C+,2.5,2.65,,1025
22573,CMPS2171,DATABASE MANAGEMENT SYSTEMS I,3,C,2,2.65,,1026
22595,CMPS1131,PROGRAMMING I,3,D,1,2.65,,1027
22617,SPAN1015,LEVEL 1 BEGINNERS SPANISH,3,A-,3.75,2.65,,1028
22639,ENGL112,COLLEGE ENGLISH II,3,B,3,2.65,,1029
22661,MATH121,INTERMEDIATE ALGEBRA,3,B,3,2.65,,1030
22683,MGMT101,APPLIED MANAGEMENT I,3,B,3,2.65,,1031
22705,EDUC222,TEACHING METHODS,3,A-,3.75,2.65,,1032
22727,PHIL210,ETHICS,3,C,2,2.65,,1033
22749,CMPS2111,SYSTEMS ANALYSIS,3,C,2,2.65,,1034
22771,CMPS1232,PRINCIPLES OF PROGRAMMING II,3,F,0,2.65,,1035
22793,RSCH2014,RESEARCH METHODS,3,A-,3.75,2.65,,1036
22815,CMPS3162,ADVANCED DATABASES,3,A-,3.75,2.65,,1037
22837,ENGL1035,THE COMPOSING PROCESS,3,,,2.65,,1038
22859,SPAN2015,LEVEL 3 INTERMEDIATE SPANISH,3,A,4,2.65,,1039
22881,PHIL1014,ETHICS,3,B,3,2.65,,1040
22903,MATH3251,CALCULUS III,3,B+,3.5,2.65,,1041
22925,MATH3251,CALCULUS III,3,,,2.65,,1042
22947,CMPS3012,MANAGEMENT INFORMATION SYSTEM,3,C+,2.5,2.65,,1043
22969,CMPS360,MANAGEMENT INFORMATION SYSTEM,3,W,0,2.65,REPEAT,1044
22991,CMPS213,BASIC PC REPAIR,3,D+,1.5,2.65,,1045
23013,MATH104,CALCULUS I,3,D,1,2.65,,1046
23035,MGMT3015,ORGANIZATIONAL BEHAVIOR,3,A-,3.75,2.65,,1047
23057,CMPS144,PRINCIPLES OF PROGRAMMING II,3,D,1,2.65,,1048
23079,SPAN201,LEVEL 3 INTERMEDIATE SPANISH,3,B+,3.5,2.65,,1049
23101,MATH203,CALCULUS II,3,RE,0,2.65,,1050
23123,CMPS156,DATA STRUCTURES,3,RE,0,2.65,,1051
23145,CMPS4191,ADVANCED WEB TECHNOLOGIES,3,B,3,2.65,,1052
23167,CMPS4181,MOBILE APPLICATION DEVELOPMENT,3,B,3,2.65,,1053
23189,CMPS4111,DATABASE MANAGEMENT SYSTEMS II,3,A-,3.75,2.65,,1054
23211,ENGL112,COLLEGE ENGLISH II,3,A-,3.75,2.65,,1055
23233,CMPS140,INTRODUCTION TO COMPUTER STUDIES,3,B+,3.5,2.65,,1056
23255,ENGL111,COLLEGE ENGLISH I,3,A,4,2.65,,1057
23277,NRMP101,ENVIRON. CONSERV & DEVELOPMENT I,3,B+,3.5,2.65,,1058
23299,ENGL1025,COLLEGE ENGLISH II,3,B,3,2.65,,1059
23321,CMPS3272,SYSTEMS ENGINEERING,3,D,1,2.65,REPEAT,1060
23343,CMPS4251,COMPUTER AND NETWORK SECURITY,3,D+,1.5,2.65,,1061
23365,CMPS3232,SYSTEMS ADMINISTRATION,3,RE,0,2.65,,1062
23387,CMPS4191,ADVANCED WEB TECHNOLOGIES,3,RE,0,2.65,,1063
23409,PSYC342,ADOLESCENT PSYCHOLOGY,3,A-,3.75,2.65,,1064
23431,PSYC221,INTRO TO PSYCHOLOGY,3,F,0,2.65,,1065
23453,GSTU101,STUDY SKILLS,1,F,0,2.65,,1066
23475,SPAN202,LEVEL 4 HIGH-INTERMEDIATE SPANISH,3,A,4,2.65,,1067
23497,CMPS3272,SYSTEMS ENGINEERING,3,D+,1.5,2.65,,1068
23519,MGMT3015,ORGANIZATIONAL BEHAVIOR,3,F,0,2.65,,1069
23541,CMPS3252,ALGORITHMS,3,D,1,2.65,,1070
23563,CMPS242,GUI PROGRAMMING,3,C+,2.5,2.65,,1071
23585,CMCN209,COMMUNICATION SKILLS,3,C,2,2.65,,1072
23607,CMPS144,PRINCIPLES OF PROGRAMMING II,3,D+,1.5,2.65,,1073
23629,CMPS317,ADVANCED GUI DEVELOPMENT,3,D+,1.5,2.65,,1074
23651,CMPS413,ADVANCED WEB TECHNOLOGIES,3,F,0,2.65,,1075
23673,CMPS318,ADVANCED PC REPAIR,3,B,3,2.65,REPEAT,1076
23695,CMPS321,TELECOMMUNICATIONS SYSTEMS,3,A,4,2.65,,1077
23717,CMPS4151,NETWORK ENGINEERING,3,A,4,2.65,,1078
23739,CMPS4191,ADVANCED WEB TECHNOLOGIES,3,RE,0,3.27,REPEAT,1079
23761,CMPS3012,MANAGEMENT INFORMATION SYSTEM,3,C,2,3.27,,1080
23783,CMPS3131,ADVANCED GUI PROGRAMMING,3,RE,0,3.27,,1081
23805,CMPS3272,SYSTEMS ENGINEERING,3,RE,0,3.27,REPEAT,1082
23827,CMPS3111,PROGRAMMING LANGUAGES,3,WF,0,3.27,,1083
23849,CMPS3272,SYSTEMS ENGINEERING,3,F,0,3.27,REPEAT,1084
23871,CMPS3272,SYSTEMS ENGINEERING,3,F,0,3.27,,1085
23893,PHYS241L,GENERAL PHYSICS LAB,1,A-,3.75,3.27,,1086
23915,CMPS4151,NETWORK ENGINEERING,3,F,0,3.27,,1087
23937,CMPS4211,ADVANCED PC REPAIR,3,C,2,3.27,,1088
23959,PHYS241L,GENERAL PHYSICS LAB,1,A,4,3.27,,1089
23981,CMPS1131,PROGRAMMING I,3,C+,2.5,3.27,,1090
24003,CMPS2171,DATABASE MANAGEMENT SYSTEMS I,3,D,1,3.27,,1091
24025,MATH2201,CALCULUS II,3,D,1,3.27,,1092
24047,CMPS3012,MANAGEMENT INFORMATION SYSTEM,3,D+,1.5,3.27,,1093
24069,CMPS3151,TELECOMMUNICATION,3,D+,1.5,3.27,,1094
24091,MATH322,LINEAR ALGEBRA 1,3,WP,0,3.27,,1095
24113,PHYS241L,GENERAL PHYSICS LAB,1,B,3,3.27,,1096
24135,PHYS241,GENERAL PHYSICS I,3,D+,1.5,3.27,REPEAT,1097
24157,CMPS2252,OPERATING SYSTEMS,3,C+,2.5,3.27,,1098
24179,CMPS3252,ALGORITHMS,3,A-,3.75,3.27,,1099
24201,ACTG1054,PRINCIPLES OF ACCOUNTING II,3,A,4,3.27,,1100
24223,CMPS3272,SYSTEMS ENGINEERING,3,WF,0,3.27,REPEAT,1101
24245,MATH2201,CALCULUS II,3,RE,0,3.27,,1102
24267,CMPS1131,PROGRAMMING I,3,W,0,3.27,,1103
24289,MGMT1014,FUNDAMENTALS OF MANAGEMENT,3,F,0,3.27,,1104
24311,CMPS1134,FUNDAMENTALS OF COMPUTING,3,C,2,3.27,,1105
24333,SPAN1025,LEVEL 2 LOWER-INTERMEDIATE SPANISH,3,B+,3.5,3.27,,1106
24355,ENGL2105,COMMUNICATION SKILLS,3,F,0,3.27,,1107
24377,ENGL1035,THE COMPOSING PROCESS,3,D,1,3.27,,1108
24399,PHYS241,GENERAL PHYSICS I,2,C+,2.5,3.27,,1109
24421,CMPS4151,NETWORK ENGINEERING,3,A-,3.75,3.1,,1110
24443,CMPS142,PRINCIPLES OF PROGRAMMING I,3,WF,0,3.1,,1111
24465,CMPS213,BASIC PC REPAIR,3,WP,0,3.1,,1112
24487,PSYC221,INTRO TO PSYCHOLOGY,3,WF,0,3.1,,1113
24509,CMPS140,INTRODUCTION TO COMPUTER STUDIES,3,B,3,3.1,,1114
24531,ENGL090,DEVELOPMENTAL ENGLISH,0,P,0,3.1,,1115
24553,CMPS3012,MANAGEMENT INFORMATION SYSTEM,3,C+,2.5,3.1,REPEAT,1116
24575,CMPS2171,DATABASE MANAGEMENT SYSTEMS I,3,B,3,3.1,,1117
24597,CMPS4211,ADVANCED PC REPAIR,3,A-,3.75,3.1,,1118
24619,ENGL1025,COLLEGE ENGLISH II,3,C,2,3.1,,1119
24641,MATH1151,ALGEBRA,3,B,3,3.1,,1120
24663,CMPS3012,MANAGEMENT INFORMATION SYSTEM,3,A,4,3.1,,1121
24685,CMPS3131,ADVANCED GUI PROGRAMMING,3,A,4,3.1,,1122
24707,CMPS4181,MOBILE APPLICATION DEVELOPMENT,3,A-,3.75,3.1,,1123
24729,CMPS1131,PROGRAMMING I,3,B,3,3.1,,1124
24751,PHYS1015,GENERAL PHYSICS I,3,C,2,3.1,,1125
24773,CMPS1232,PRINCIPLES OF PROGRAMMING II,3,D,1,3.1,REPEAT,1126
24795,CMPS2191,NETWORKING 1,3,B+,3.5,3.1,,1127
24817,CMPS4191,ADVANCED WEB TECHNOLOGIES,3,W,0,3.1,,1128
24839,CMPS1232,PRINCIPLES OF PROGRAMMING II,3,B+,3.5,3.1,,1129
24861,CMPS2171,DATABASE MANAGEMENT SYSTEMS I,3,A-,3.75,3.1,,1130
24883,CMPS2252,OPERATING SYSTEMS,3,D+,1.5,3.1,,1131
24905,EDUC3552,ADOLESCENT PSYCHOLOGY,3,B+,3.5,3.1,,1132
24927,EDUC3141,INTRODUCTION TO CURRICULUM DEVELOPMENT,3,A,4,3.1,,1133
24949,EDUC4256,MEASUREMENT AND EVALUATION,3,A,4,3.1,,1134
24971,EDUC4153,PROFESSIONALISM IN EDUCATION,3,B+,3.5,3.1,,1135
24993,EDUC3403,PSYCHOLOGY OF LEARNING,3,A-,3.75,3.1,,1136
25015,EDUC3454,INSTRUCTIONAL TECHNOLOGY,3,A,4,3.1,,1137
25037,MATH1302,CALCULUS I,3,D+,1.5,3.1,,1138
25059,MATH203,CALCULUS II,3,A,4,3.1,,1139
25081,PHYS1015,GENERAL PHYSICS I,3,RE,0,3.1,,1140
25103,MGMT3015,ORGANIZATIONAL BEHAVIOR,3,RE,0,3.1,,1141
25125,FNAN2014,PRINCIPLES OF FINANCE,3,B+,3.5,3.1,,1142
25147,MKTG2015,PRINCIPLES OF MARKETING,3,C+,2.5,1.69,,1143
25169,ACTG1014,PRINCIPLES OF ACCOUNTING I,3,WF,0,1.69,,1144
25191,PHYS1015L,GENERAL PHYSICS I LAB,1,RE,0,1.69,,1145
25213,CMPS2992,PROJECT,3,A,4,1.69,,1146
25235,MATH3151,LINEAR ALGEBRA,0,A-,0,1.69,,1147
25257,MATH2151,STATISTICS I,3,B+,3.5,1.69,,1148
25279,CMPS3111,PROGRAMMING LANGUAGES,3,A-,3.75,1.69,,1149
25301,PHYS1015L,GENERAL PHYSICS I LAB,1,B,3,1.69,,1150
25323,ENGL3155,TECHNICAL WRITING,3,C+,2.5,1.69,,1151
25345,CMPS2191,NETWORKING 1,3,A-,3.75,1.69,,1152
25367,CMPS3012,MANAGEMENT INFORMATION SYSTEM,3,D,1,1.69,REPEAT,1153
25389,HIST201,BELIZEAN HISTORY,3,F,0,3.29,,1154
25411,SPAN201,LEVEL 3 INTERMEDIATE SPANISH,3,B,3,3.29,,1155
25433,MAT103,TRIGONOMETRY 1,3,RE,0,3.29,,1156
25455,CMPS157,SYSTEM ANALYSIS,3,RE,0,3.29,,1157
25477,PHYS241,GENERAL PHYSICS I,2,B+,3.5,3.29,,1158
25499,SPAN1015,LEVEL 1 BEGINNERS SPANISH,3,A,4,3.29,,1159
25521,MAT103,TRIGONOMETRY 1,3,A-,3.75,3.29,,1160
25543,HIST1014,INTRODUCTION TO BELIZEAN HISTORY,3,B,3,3.29,,1161
25565,CMPS2252,OPERATING SYSTEMS,3,B+,3.5,3.29,,1162
25587,CMPS144,PRINCIPLES OF PROGRAMMING II,3,W,0,3.29,REPEAT,1163
25609,CMPS2232,OBJECT ORIENTED SYSTEM DEVELOPMENT,3,D+,1.5,3.29,REPEAT,1164
25631,CMPS2151,WEB DEVELOPMENT,3,A,4,3.29,,1165
25653,CMPS2212,GUI PROGRAMMING,3,B+,3.5,3.29,,1166
25675,MATH2201,CALCULUS II,3,A-,3.75,3.29,,1167
25697,CMPS4181,MOBILE APPLICATION DEVELOPMENT,3,B+,3.5,3.29,,1168
25719,CMPS1134,FUNDAMENTALS OF COMPUTING,3,A,4,3.29,,1169
25741,MGMT3015,ORGANIZATIONAL BEHAVIOR,3,A,4,3.29,,1170
25763,CMPS2232,OBJECT ORIENTED SYSTEM DEVELOPMENT,3,B,3,3.29,,1171
25785,MGMT1014,FUNDAMENTALS OF MANAGEMENT,3,A,4,1.76,,1172
25807,CMPS1134,FUNDAMENTALS OF COMPUTING,3,B+,3.5,1.76,,1173
25829,MATH1302,CALCULUS I,3,RE,0,1.76,,1174
25851,MATH1201,TRIGONOMETRY,3,C+,2.5,1.76,,1175
25873,MGMT1014,FUNDAMENTALS OF MANAGEMENT,3,B,3,1.76,,1176
25895,SPAN1025,LEVEL 2 LOWER-INTERMEDIATE SPANISH,3,B,3,1.76,,1177
25917,CMPS1232,PRINCIPLES OF PROGRAMMING II,3,RE,0,1.76,,1178
25939,CMPS1134,FUNDAMENTALS OF COMPUTING,3,B,3,1.76,,1179
25961,CMPS3232,SYSTEMS ADMINISTRATION,3,D+,1.5,1.76,,1180
25983,MATH1201,TRIGONOMETRY,3,B,3,1.76,,1181
26005,CMPS4175,ROUTING AND SWITCHING,3,C,2,1.76,,1182
26027,CMPS1211,HARDWARE FUNDAMENTALS,3,A,4,1.76,,1183
26049,CMPS2242,SYSTEMS PROGRAMMING & COMPUTER ORGANIZATION,3,W,0,1.76,,1184
26071,CMPS140,INTRODUCTION TO COMPUTER STUDIES,3,F,0,1.76,,1185
26093,ENGL111,COLLEGE ENGLISH I,3,F,0,1.76,,1186
26115,MATH101,ALGEBRA 1,3,,,3.09,,1187
26137,HIST1014,INTRODUCTION TO BELIZEAN HISTORY,3,B+,3.5,3.09,,1188
26159,MATH3151,LINEAR ALGEBRA,3,A,4,3.09,,1189
26181,SPAN201,LEVEL 3 INTERMEDIATE SPANISH,3,A-,3.75,3.09,,1190
26203,CMPS3151,TELECOMMUNICATION,3,D,1,3.09,,1191
26225,PHYS241L,GENERAL PHYSICS LAB,1,B+,3.5,3.09,,1192
26247,SPAN201,LEVEL 3 INTERMEDIATE SPANISH,3,C+,2.5,3.09,,1193
26269,CMPS1134,FUNDAMENTALS OF COMPUTING,3,C+,2.5,3.09,,1194
26291,CMPS4111,DATABASE MANAGEMENT SYSTEMS II,3,D+,1.5,3.09,,1195
26313,MGMT304,DYNAMICS OF ORG. BEHAVIOUR,3,C+,2.5,3.09,,1196
26335,CMPS2131,DATA STRUCTURES,3,D,1,3.09,REPEAT,1197
26357,CMPS3272,SYSTEMS ENGINEERING,3,WP,0,3.09,,1198
26379,SOCL221,INTRODUCTION TO SOCIOLOGY,3,C,2,3.09,,1199
26401,MATH1151,ALGEBRA,3,B+,3.5,3.09,,1200
26423,PHIL1014,ETHICS,3,B+,3.5,3.09,,1201
26445,CMPS1014,INTRODUCTION TO COMPUTER STUDIES,3,C,2,3.09,,1202
26467,ENGL1014,COLLEGE ENGLISH I,3,A-,3.75,3.09,,1203
26489,CMPS3232,SYSTEMS ADMINISTRATION,3,A,4,3.09,,1204
26511,CMPS2131,DATA STRUCTURES,3,A-,3.75,3.09,,1205
26533,CMPS4191,ADVANCED WEB TECHNOLOGIES,3,F,0,3.09,REPEAT,1206
26555,PHIL1014,ETHICS,3,A-,3.75,3.09,,1207
26577,MATH3151,LINEAR ALGEBRA,3,RE,0,3.09,REPEAT,1208
26599,MATH1302,CALCULUS I,3,A,4,3.09,,1209
26621,MATH2201,CALCULUS II,3,W,0,3.09,,1210
26643,EDUC3552,ADOLESCENT PSYCHOLOGY,3,A-,3.75,3.09,,1211
26665,EDUC4256,MEASUREMENT AND EVALUATION,3,B+,3.5,3.09,,1212
26687,MGMT101,APPLIED MANAGEMENT I,3,,,3.09,,1213
26709,MATH1151,ALGEBRA,3,A-,3.75,3.56,,1214
26731,PHYS1015,GENERAL PHYSICS I,3,B,3,3.56,,1215
26753,CMPS1014,INTRODUCTION TO COMPUTER STUDIES,3,A,4,3.56,,1216
26775,CMPS1212,BASIC PC REPAIR,3,A,4,3.56,,1217
26797,MATH1201,TRIGONOMETRY,3,A,4,3.56,,1218
26819,CMPS3252,ALGORITHMS,3,RE,0,3.56,REPEAT,1219
26841,PHYS1015L,GENERAL PHYSICS I LAB,1,A-,3.75,3.56,,1220
26863,ENGL1014,COLLEGE ENGLISH I,3,B,3,3.56,,1221
26885,HIST1014,INTRODUCTION TO BELIZEAN HISTORY,3,A-,3.75,3.56,,1222
26907,SPAN1015,LEVEL 1 BEGINNERS SPANISH,3,C,2,3.56,,1223
26929,MGMT1014,FUNDAMENTALS OF MANAGEMENT,3,F,0,3.56,REPEAT,1224
26951,CMPS3232,SYSTEMS ADMINISTRATION,3,WF,0,3.56,REPEAT,1225
26973,CMPS1232,PRINCIPLES OF PROGRAMMING II,3,WF,0,3.56,,1226
26995,PSYC1014,INTRODUCTION TO PSYCHOLOGY,3,C+,2.5,3.56,,1227
27017,MATH1151,ALGEBRA,3,F,0,3.56,,1228
27039,HIST1014,INTRODUCTION TO BELIZEAN HISTORY,3,C+,2.5,3.56,,1229
27061,CMPS1134,FUNDAMENTALS OF COMPUTING,3,WF,0,3.56,,1230
27083,CMPS1014,INTRODUCTION TO COMPUTER STUDIES,3,C+,2.5,3.38,,1231
27105,CMPS2131,DATA STRUCTURES,3,WP,0,3.38,,1232
27127,EDUC3141,INTRODUCTION TO CURRICULUM DEVELOPMENT,3,A-,3.75,3.38,,1233
27149,EDUC3451,PHILOSOPHY OF EDUCATION,3,A,4,3.38,,1234
27171,CMPS2111,SYSTEMS ANALYSIS,3,B+,3.5,3.38,,1235
27193,CMPS3232,SYSTEMS ADMINISTRATION,3,B,2,3.38,,1236
27215,CMPS4175,ROUTING AND SWITCHING,3,B+,3,3.38,,1237
27237,CMPS2131,DATA STRUCTURES,3,B+,3.5,3.38,,1238
27259,CMPS2212,GUI PROGRAMMING,3,A,4,3.38,,1239
27281,PHYS1015,GENERAL PHYSICS I,3,B+,3.5,3.38,,1240
27303,CMPS2232,OBJECT ORIENTED SYSTEM DEVELOPMENT,3,A-,3.75,3.38,,1241
27325,MATH3251,CALCULUS III,3,W,0,3.38,,1242
27347,CMPS2992,PROJECT,3,B+,3.5,3.38,,1243
27369,CMPS4181,MOBILE APPLICATION DEVELOPMENT,3,C+,2.5,3.38,,1244
27391,CMPS4251,COMPUTER AND NETWORK SECURITY,3,D+,1.5,3.38,REPEAT,1245
27413,CMPS2151,WEB DEVELOPMENT,3,D,1,3.38,REPEAT,1246
27435,CMPS2151,WEB DEVELOPMENT,3,B+,3.5,3.38,,1247
27457,SPAN1025,LEVEL 2 LOWER-INTERMEDIATE SPANISH,3,A,4,3.38,,1248
27479,CMPS3272,SYSTEMS ENGINEERING,3,A-,3.75,3.55,,1249
27501,MATH3251,CALCULUS III,3,WF,0,3.55,REPEAT,1250
27523,CMPS3162,ADVANCED DATABASES,3,B,3,3.55,,1251
27545,MATH3282,ALGORITHMS AND COMPUTATION,4,C,2,3.55,,1252
27567,CMPS3252,ALGORITHMS,3,D+,1.5,3.55,,1253
27589,ENGL2105,COMMUNICATION SKILLS,3,D+,1.5,3.55,,1254
27611,CMPS4231,DIGITAL LOGIC & SIGNAL PROCESSING,3,D+,1.5,3.55,,1255
27633,CMPS2111,SYSTEMS ANALYSIS,3,A-,3.75,3.55,,1256
27655,MATH1201,TRIGONOMETRY,3,C,2,3.55,,1257
27677,CMPS1232,PRINCIPLES OF PROGRAMMING II,3,A-,3.75,3.55,,1258
27699,CMPS3012,MANAGEMENT INFORMATION SYSTEM,3,WP,0,3.55,REPEAT,1259
27721,MATH1302,CALCULUS I,3,AU,0,3.55,,1260
27743,CMPS1131,PROGRAMMING I,3,A,4,3.55,,1261
27765,CMPS2131,DATA STRUCTURES,3,A,4,3.55,,1262
27787,CMPS4151,NETWORK ENGINEERING,3,WF,0,3.55,REPEAT,1263
27809,PHYS1015,GENERAL PHYSICS I,3,WF,0,3.55,REPEAT,1264
27831,PHYS1015,GENERAL PHYSICS I,3,D+,1.5,3.55,REPEAT,1265
27853,CMPS2171,DATABASE MANAGEMENT SYSTEMS I,3,C+,2.5,3.79,,1266
27875,CMPS2171,DATABASE MANAGEMENT SYSTEMS I,3,D,1,3.79,REPEAT,1267
27897,MATH2201,CALCULUS II,3,W,,3.79,,1268
27919,CMPS1232,PRINCIPLES OF PROGRAMMING II,3,D,1,3.79,,1269
27941,CMPS3151,TELECOMMUNICATION,3,WF,0,3.79,REPEAT,1270
27963,CMPS3252,ALGORITHMS,3,WF,0,3.79,REPEAT,1271
27985,CMPS4181,MOBILE APPLICATION DEVELOPMENT,3,A-,0,3.79,,1272
28007,CMPS4251,COMPUTER AND NETWORK SECURITY,3,A,4,3.79,,1273
28029,EPHY2153,PHYSICAL EDUCATION FOR THE PRIMARY GRADES,3,A-,3.75,3.79,,1274
28051,CMPS2992,PROJECT,3,C+,2.5,3.79,,1275
28073,PHYS1015L,GENERAL PHYSICS I LAB,1,F,0,3.79,,1276
28095,CMPS1014,INTRODUCTION TO COMPUTER STUDIES,3,A-,3.75,3.79,,1277
28117,PHYS1015,GENERAL PHYSICS I,3,A,4,3.79,,1278
28139,CMPS1192,NETWORKING FUNDAMENTALS,3,B+,3.5,3.79,,1279
28161,CMPS1171,INTRODUCTION TO DATABASES,3,B+,3.5,3.79,,1280
28183,CMPS3141,HUMAN COMPUTER INTERFACE,3,B+,3.5,3.79,,1281
28205,MGMT1014,FUNDAMENTALS OF MANAGEMENT,3,A-,3.75,3.79,,1282
28227,CMPS4131,SOFTWARE ENGINEERING,3,D,1,3.74,REPEAT,1283
28249,CMPS3171,NETWORK DESIGN,3,A-,3.75,3.74,,1284
28271,MATH1201,TRIGONOMETRY,3,WP,0,3.74,,1285
28293,ENGL3155,TECHNICAL WRITING,3,D+,1.5,3.74,,1286
28315,CMPS1134,FUNDAMENTALS OF COMPUTING,3,F,0,3.74,,1287
28337,SOCL1014,INTRODUCTION TO SOCIOLOGY,3,C,2,3.74,,1288
28359,SPAN2015,LEVEL 3 INTERMEDIATE SPANISH,3,B,3,3.74,,1289
28381,CMPS3162,ADVANCED DATABASES,3,C,2,3.74,,1290
28403,CMPS4252,DIGITAL LOGIC AND DESIGN,3,C,2,3.74,,1291
28425,PHYS1015L,GENERAL PHYSICS I LAB,1,B+,3.5,3.74,,1292
28447,CMPS3141,HUMAN COMPUTER INTERFACE,3,D+,1.5,3.74,REPEAT,1293
28469,CMPS3171,NETWORK DESIGN,3,B+,3.5,3.74,,1294
28491,CMPS4175,ROUTING AND SWITCHING,3,A-,3.75,3.74,,1295
28513,CMPS3111,PROGRAMMING LANGUAGES,3,WP,0,3.74,REPEAT,1296
28535,CMPS3272,SYSTEMS ENGINEERING,3,D,1,3.74,,1297
28557,CMPS4131,SOFTWARE ENGINEERING,3,AU,0,3.74,,1298
28579,MATH3251,CALCULUS III,3,AU,0,3.74,,1299
28601,SPAN1015,LEVEL 1 BEGINNERS SPANISH,3,C+,2.5,3.02,,1300
28623,CMPS4175,ROUTING AND SWITCHING,3,A-,3.5,3.02,,1301
28645,SOCL1014,INTRODUCTION TO SOCIOLOGY,3,D+,1.5,3.02,,1302
28667,HIST1014,INTRODUCTION TO BELIZEAN HISTORY,3,A,4,3.02,,1303
28689,SOCL1014,INTRODUCTION TO SOCIOLOGY,3,A-,3.75,3.02,,1304
28711,PHYS1015,GENERAL PHYSICS I,3,WP,0,3.02,REPEAT,1305
28733,CMPS1014,INTRODUCTION TO COMPUTER STUDIES,3,B+,3.5,3.02,,1306
28755,SPAN1015,LEVEL 1 BEGINNERS SPANISH,3,B,3,3.02,,1307
28777,CMPS2131,DATA STRUCTURES,3,WF,0,3.02,,1308
28799,SOCL1014,INTRODUCTION TO SOCIOLOGY,3,B+,3.5,3.02,,1309
28821,CMPS4151,NETWORK ENGINEERING,3,D,1,3.02,REPEAT,1310
28843,CMPS4231,DIGITAL LOGIC & SIGNAL PROCESSING,3,D+,0,3.02,,1311
28865,CMPS1212,BASIC PC REPAIR,3,W,0,3.02,REPEAT,1312
28887,CMPS2151,WEB DEVELOPMENT,3,,,3.02,,1313
28909,CMPS1211,HARDWARE FUNDAMENTALS,3,A-,3.75,3.02,,1314
28931,CMPS1212,BASIC PC REPAIR,3,RE,0,3.02,REPEAT,1315
28953,CMPS2212,GUI PROGRAMMING,3,RE,0,3.02,REPEAT,1316
28975,SPAN2015,LEVEL 3 INTERMEDIATE SPANISH,3,B+,3.5,3.02,,1317
28997,ENGL3155,TECHNICAL WRITING,3,RE,0,3.02,REPEAT,1318
29019,CMPS2212,GUI PROGRAMMING,3,F,0,3.02,REPEAT,1319
29041,MGMT1014,FUNDAMENTALS OF MANAGEMENT,3,C,2,2.8,,1320
29063,SPAN1025,LEVEL 2 LOWER-INTERMEDIATE SPANISH,3,C+,2.5,2.8,,1321
29085,CMPS4992,PROFESSIONAL PRACTICE,12,D,1,2.8,,1322
29107,PHYS1015,GENERAL PHYSICS I,3,F,0,2.8,REPEAT,1323
29129,PHYS1015,GENERAL PHYSICS I,3,D,1,2.8,,1324
29151,RSCH2014,RESEARCH METHODS,3,C,2,2.8,,1325
29173,PHIL1014,ETHICS,3,,,2.8,,1326
29195,CMPS4252,DIGITAL LOGIC AND DESIGN,3,B+,3.5,2.8,,1327
29217,SPAN2015,LEVEL 3 INTERMEDIATE SPANISH,3,,,2.8,,1328
29239,ENGL1025,COLLEGE ENGLISH II,3,B+,3.5,2.8,,1329
29261,CMPS1232,PRINCIPLES OF PROGRAMMING II,3,A,4,2.8,,1330
29283,CMPS2171,DATABASE MANAGEMENT SYSTEMS I,3,A,4,2.8,,1331
29305,CMPS2191,NETWORKING 1,3,A,4,2.8,,1332
29327,BCOM2014,BUSINESS COMMUNICATION,3,B+,3.5,2.8,,1333
29349,ECON2014,PRINCIPLES OF ECONOMICS (MACRO),3,B+,3.5,2.8,,1334
29371,MATH2201,CALCULUS II,3,WF,0,2.8,REPEAT,1335
29393,ECON2054,PRINCIPLES OF ECONOMICS (MICRO),3,B+,3.5,2.8,,1336
29415,MATH1151,ALGEBRA,3,D,1,2,REPEAT,1337
29437,CMPS4251,COMPUTER AND NETWORK SECURITY,3,D,1,2,,1338
29459,CMPS3232,SYSTEMS ADMINISTRATION,3,WP,0,2.67,,1339
29481,CMPS4181,MOBILE APPLICATION DEVELOPMENT,3,C,2,2.67,,1340
29503,CMPS3232,SYSTEMS ADMINISTRATION,3,W,0,2.67,REPEAT,1341
29525,CMPS4231,DIGITAL LOGIC & SIGNAL PROCESSING,3,WP,0,2.67,,1342
29547,ECON2014,PRINCIPLES OF ECONOMICS (MACRO),3,B,3,2.67,,1343
29569,CMPS2252,OPERATING SYSTEMS,3,W,0,2.67,REPEAT,1344
29591,CMPS3272,SYSTEMS ENGINEERING,3,WF,0,2.67,,1345
29613,ENGL2105,COMMUNICATION SKILLS,3,D,1,2.67,REPEAT,1346
29635,CMPS1024,COMPUTER BUSINESS APPLICATIONS,3,B,3,2.67,,1347
29657,CMPS4151,NETWORK ENGINEERING,3,D+,1.5,2.67,REPEAT,1348
29679,CMPS2252,OPERATING SYSTEMS,3,F,0,2.67,,1349
29701,CMPS2212,GUI PROGRAMMING,3,W,0,2.67,,1350
29723,CMPS2111,SYSTEMS ANALYSIS,3,D+,1.5,2.67,REPEAT,1351
29745,CMPS2111,SYSTEMS ANALYSIS,3,W,0,2.67,REPEAT,1352
29767,CMPS2131,DATA STRUCTURES,3,WF,0,2.67,REPEAT,1353
29789,CMPS2111,SYSTEMS ANALYSIS,3,C+,2.5,2.67,,1354
29811,SPAN2025,LEVEL 4 HIGH-INTERMEDIATE SPANISH,3,P,0,2.67,,1355
29833,CMPS3131,ADVANCED GUI PROGRAMMING,3,D,1,2.67,REPEAT,1356
29855,SPAN1025,LEVEL 2 LOWER-INTERMEDIATE SPANISH,3,C,2,2.67,,1357
29877,PLAS0014,SPANISH PLACEMENT EXAM,0,F,0,2.67,,1358
29899,PHYS1015,GENERAL PHYSICS I,3,W,0,2.67,REPEAT,1359
29921,CMPS2232,OBJECT ORIENTED SYSTEM DEVELOPMENT,3,D,1,2.67,,1360
29943,CMPS2212,GUI PROGRAMMING,3,D,1,2.67,,1361
29965,CMPS2242,SYSTEMS PROGRAMMING & COMPUTER ORGANIZATION,3,A,4,3.31,,1362
29987,CMPS4252,DIGITAL LOGIC AND DESIGN,3,A-,3.75,3.31,,1363
30009,MATH1151,ALGEBRA,3,WF,0,3.31,,1364
30031,PHIL1014,ETHICS,3,D+,1.5,3.31,,1365
30053,CMPS4175,ROUTING AND SWITCHING,3,B+,3.5,3.31,,1366
30075,CMPS3012,MANAGEMENT INFORMATION SYSTEM,3,F,0,3.31,,1367
30097,HIST1014,INTRODUCTION TO BELIZEAN HISTORY,3,D,1,3.31,,1368
30119,MATH2201,CALCULUS II,3,NG,,3.31,REPEAT,1369
30141,ENGL1035,THE COMPOSING PROCESS,3,B+,3.5,3.31,,1370
30163,CMPS4111,DATABASE MANAGEMENT SYSTEMS II,3,NG,,3.31,REPEAT,1371
30185,PHIL1014,ETHICS,3,C,2,3.31,,1372
30207,SOCL1014,INTRODUCTION TO SOCIOLOGY,3,D,1,3.31,,1373
30229,EDUC3552,ADOLESCENT PSYCHOLOGY,3,A,4,3.31,,1374
30251,SOCL1014,INTRODUCTION TO SOCIOLOGY,3,A,4,3.31,,1375
30273,CMPS4191,ADVANCED WEB TECHNOLOGIES,3,D+,1.5,3.75,,1376
30295,MATH1302,CALCULUS I,3,C+,2.5,3.75,,1377
30317,MATH1302,CALCULUS I,3,D+,1.5,3.75,REPEAT,1378
30339,CMPS4252,DIGITAL LOGIC AND DESIGN,3,B,3,3.75,,1379
30361,ENGL1035,THE COMPOSING PROCESS,3,B,3,3.75,,1380
30383,CMPS1171,INTRODUCTION TO DATABASES,3,D,1,3.75,,1381
30405,CMPS1192,NETWORKING FUNDAMENTALS,3,C,2,3.75,,1382
30427,PLAS0014,SPANISH PLACEMENT EXAM,0,D,0,3.75,,1383
30449,CMPS3171,NETWORK DESIGN,3,D,1,3.09,REPEAT,1384
30471,ENGL1035,THE COMPOSING PROCESS,3,C,2,3.09,,1385
30493,ENGL3155,TECHNICAL WRITING,3,C+,2.5,3.09,REPEAT,1386
30515,CMPS3111,PROGRAMMING LANGUAGES,3,D,1,3.09,REPEAT,1387
30537,RSCH2014,RESEARCH METHODS,3,D+,1.5,3.09,,1388
30559,CMPS3171,NETWORK DESIGN,3,C,2,3.09,,1389
30581,CMPS4232,SYSTEMS ADMINISTRATION,3,C,2,3.09,,1390
30603,CMPS4131,SOFTWARE ENGINEERING,3,D+,1.5,3.09,,1391
30625,MATH3151,LINEAR ALGEBRA,3,RE,0,3.09,,1392
30647,MATH3201,FUNDAMENTAL CONCEPTS OF MATH,3,RE,0,3.09,,1393
30669,ENGL3155,TECHNICAL WRITING,3,RE,0,3.09,,1394
30691,ACTG1014,PRINCIPLES OF ACCOUNTING I,3,RE,0,3.09,,1395
30713,CMPS3232,SYSTEMS ADMINISTRATION,3,B+,3,3.09,,1396
30735,CMPS4252,DIGITAL LOGIC AND DESIGN,3,C+,2.5,3.09,,1397
30757,CMPS3162,ADVANCED DATABASES,3,B+,3.5,3.09,,1398
30779,SPAN2015,LEVEL 3 INTERMEDIATE SPANISH,3,C,2,3.09,,1399
30801,CMPS3141,HUMAN COMPUTER INTERFACE,3,W,0,3.09,,1400
30823,RSCH2014,RESEARCH METHODS,3,B+,3.5,3.09,,1401
30845,CMPS4175,ROUTING AND SWITCHING,3,B,3,3.09,,1402
30867,CMPS3141,HUMAN COMPUTER INTERFACE,3,A-,3.75,3.09,,1403
30889,CMPS4081,PRACTICAL ELECTRONICS,3,A,4,3.09,,1404
30911,ENGL1035,THE COMPOSING PROCESS,3,A-,3.75,3.75,,1405
30933,RSCH2014,RESEARCH METHODS,3,D,1,3.75,REPEAT,1406
30955,CMPS3151,TELECOMMUNICATION,3,W,0,3.75,REPEAT,1407
30977,CMPS3272,SYSTEMS ENGINEERING,3,W,0,3.75,REPEAT,1408
30999,PSYC1014,INTRODUCTION TO PSYCHOLOGY,3,A,4,3.75,,1409
31021,CMPS2151,WEB DEVELOPMENT,3,C+,2.5,3.75,,1410
31043,CMPS1131,PROGRAMMING I,3,F,0,3.75,,1411
31065,CMPS2131,DATA STRUCTURES,3,W,0,3.75,,1412
31087,CMPS2111,SYSTEMS ANALYSIS,3,WF,0,3.75,REPEAT,1413
31109,CMPS1171,INTRODUCTION TO DATABASES,3,C,2,3.75,,1414
31131,CMPS2171,DATABASE MANAGEMENT SYSTEMS I,3,D+,1.5,3.75,REPEAT,1415
31153,PLAS0014,SPANISH PLACEMENT EXAM,0,B,0,3.75,,1416
31175,PHIL1014,ETHICS,3,A,4,3.75,,1417
31197,ENGL1035,THE COMPOSING PROCESS,3,A,4,3.75,,1418
31219,SOCL1014,INTRODUCTION TO SOCIOLOGY,3,,,3.75,,1419
31241,CRTH1014,CRITICAL THINKING,3,A-,3.75,3.75,,1420
31263,CMPS3252,ALGORITHMS,3,WF,0,3.33,,1421
31285,CMPS1131,PROGRAMMING I,3,A-,3.75,3.33,,1422
31307,MATH1151,ALGEBRA,3,F,0,3.33,REPEAT,1423
31329,MATH0014,DEVELOPMENTAL MATH,0,P,0,3.33,,1424
31351,CMPS4251,COMPUTER AND NETWORK SECURITY,3,F,0,3.33,,1425
31373,MATH1302,CALCULUS I,3,W,0,3.33,,1426
31395,CMPS1232,PRINCIPLES OF PROGRAMMING II,3,,,3.33,,1427
31417,CMPS2151,WEB DEVELOPMENT,3,D+,1.5,3.33,,1428
31439,PLAS0014,SPANISH PLACEMENT EXAM,0,,,3.33,,1429
31461,PHIL1014,ETHICS,3,WF,0,3.38,REPEAT,1430
31483,CMPS3141,HUMAN COMPUTER INTERFACE,3,F,0,3.38,REPEAT,1431
31505,CMPS3162,ADVANCED DATABASES,3,C+,2.5,3.38,,1432
31527,PHIL1014,ETHICS,3,D,1,3.42,REPEAT,1433
31549,PHIL1014,ETHICS,3,D+,1.5,3.42,REPEAT,1434
31571,CMPS3151,TELECOMMUNICATION,3,C,2,3.42,REPEAT,1435
31593,ENGL1035,THE COMPOSING PROCESS,3,C,2,3.38,REPEAT,1436
31615,PHIL1014,ETHICS,3,F,0,3.38,REPEAT,1437
31637,CMPS2242,SYSTEMS PROGRAMMING & COMPUTER ORGANIZATION,3,B,3,3.38,,1438
31659,SPAN2015,LEVEL 3 INTERMEDIATE SPANISH,3,D+,1.5,3.38,,1439
31681,ENGL3155,TECHNICAL WRITING,3,D,1,3.42,,1440
31703,CMPS1191,NETWORKING FUNDAMENTALS,3,A-,3.75,3.42,,1441
31725,CMPS1232,PRINCIPLES OF PROGRAMMING II,3,AU,0,3.38,,1442
31747,CMPS1211,HARDWARE FUNDAMENTALS,3,C+,2.5,3.38,,1443
31769,PHIL1014,ETHICS,3,D,1,3.38,,1444
31791,MATH2151,STATISTICS I,3,A,4,3.38,,1445
31813,RSCH2014,RESEARCH METHODS,3,WP,1.5,3.38,REPEAT,1446
31835,RSCH2014,RESEARCH METHODS,3,A,4,3.42,,1447
31857,PHIL1014,ETHICS,3,F,0,3.38,,1448
31879,ENGL1035,THE COMPOSING PROCESS,3,F,0,3.38,,1449
31901,SPAN2015,LEVEL 3 INTERMEDIATE SPANISH,3,F,0,3.38,REPEAT,1450
31923,CMPS4131,SOFTWARE ENGINEERING,3,D,1,3.38,,1451
31945,SPAN2015,LEVEL 3 INTERMEDIATE SPANISH,3,,,3.42,REPEAT,1452
31967,CMPS4175,ROUTING AND SWITCHING,3,F,0,,,1453
31989,SPAN1015,LEVEL 1 BEGINNERS SPANISH,3,B+,3.5,,,1454
32011,CMPS3252,ALGORITHMS,3,WP,0,,REPEAT,1455
32033,CMPS2151,WEB DEVELOPMENT,3,C,2,,,1456
32055,PSYC1014,INTRODUCTION TO PSYCHOLOGY,3,F,0,,,1457
32077,CMPS4131,SOFTWARE ENGINEERING,3,F,0,,,1458
32099,CMPS3141,HUMAN COMPUTER INTERFACE,3,D+,1.5,2.65,,1459
32121,CMPS3162,ADVANCED DATABASES,3,F,0,2.65,,1460
32143,PLAM0014,MATH PLACEMENT TEST,0,P,,2.65,,1461
32165,PLAE0014,ENGLISH PLACEMENT,0,P,,2.65,,1462
32187,CMPS1014,INTRODUCTION TO COMPUTER STUDIES,3,NG,,2.65,,1463
32209,PHYS1015L,GENERAL PHYSICS I LAB,1,C,2,2.65,,1464
32231,CMPS1131,PROGRAMMING I,3,WF,0,2.65,REPEAT,1465
32253,CMPS2171,DATABASE MANAGEMENT SYSTEMS I,3,B+,3.5,2.65,,1466
32275,CMPS4175,ROUTING AND SWITCHING,3,B,2.5,2.65,,1467
32297,CMPS2242,SYSTEMS PROGRAMMING & COMPUTER ORGANIZATION,3,C+,2.5,2.65,,1468
32319,CMPS2992,PROJECT,3,C,2,2.65,,1469
32341,CMPS3171,NETWORK DESIGN,3,D+,1.5,2.65,REPEAT,1470
32363,CMPS1171,INTRODUCTION TO DATABASES,3,,,2.65,,1471
32385,MATH3251,CALCULUS III,3,AU,0,2.65,REPEAT,1472
32407,CMPS3162,ADVANCED DATABASES,3,AU,0,2.65,,1473
32429,CMPS3162,ADVANCED DATABASES,3,WF,0,2.43,REPEAT,1474
32451,CMPS4992,PROFESSIONAL PRACTICE,12,C+,2.5,2.43,REPEAT,1475
32473,CMPS3111,PROGRAMMING LANGUAGES,3,C,2,2.43,REPEAT,1476
32495,CMPS3171,NETWORK DESIGN,3,C,2,3.01,REPEAT,1477
32517,CMPS4191,ADVANCED WEB TECHNOLOGIES,3,WF,0,3.01,REPEAT,1478
32539,SPAN1015,LEVEL 1 BEGINNERS SPANISH,3,P,0,3.01,,1479
32561,PLAS0014,SPANISH PLACEMENT EXAM,0,C,0,2.43,REPEAT,1480
32583,CMPS3141,HUMAN COMPUTER INTERFACE,3,W,0,3.01,REPEAT,1481
32605,CHEM0016,DEVELOPMENTAL CHEMISTRY,0,P,0,2.43,,1482
32627,BIOL1015,GENERAL BIOLOGY I,3,A-,3.75,2.43,,1483
32649,ALHL2012,HUMAN ANATOMY AND PHYSIOLOGY I,3,B,3,2.43,,1484
32671,BIOL3402,GENERAL MICROBIOLOGY,3,B,3,3.01,,1485
32693,CHEM1032,ORGANIC AND BIOCHEMISTRY,3,C+,2.5,3.01,,1486
32715,CHEM1015,GENERAL CHEMISTRY I,3,A,4,3.01,,1487
32737,SPAN1025,LEVEL 2 LOWER-INTERMEDIATE SPANISH,3,P,,3.01,,1488
32759,MATH1014,INTERMEDIATE ALGEBRA,3,A-,3.75,2.43,,1489
32781,CHEM1015L,GENERAL CHEMISTRY I LAB,1,A,4,3.01,,1490
32803,BIOL0016,DEVELOPMENTAL BIOLOGY,0,P,0,3.01,,1491
32825,BIOL1015L,GENERAL BIOLOGY I LAB,1,B,3,2.43,,1492
32847,BIOL3402L,GENERAL MICROBIOLOGY LAB,1,B+,3.5,3.01,,1493
32869,MGMT1014,FUNDAMENTALS OF MANAGEMENT,3,WF,0,2.43,REPEAT,1494
32891,CMPS2212,GUI PROGRAMMING,3,F,0,2.43,,1495
32913,CRTH1014,CRITICAL THINKING,3,C+,2.5,2.43,,1496
32935,CMPS1211,HARDWARE FUNDAMENTALS,3,,,3.01,,1497
32957,CMPS4232,SYSTEMS ADMINISTRATION,3,C+,2.5,3.01,,1498
32979,CMPS4131,SOFTWARE ENGINEERING,3,W,0,3.01,REPEAT,1499
33001,CRTH1014,CRITICAL THINKING,3,,,3.01,,1500
33023,PSYC1014,INTRODUCTION TO PSYCHOLOGY,3,NR,0,3.01,,1501
33045,CMPS1134,FUNDAMENTALS OF COMPUTING,3,W,0,3.26,,1502
33067,PHIL1014,ETHICS,3,NR,0,3.26,,1503
33089,ECON1014,INTRODUCTION TO ECONOMICS,3,C+,2.5,3.26,,1504
33111,SPAN2015,LEVEL 3 INTERMEDIATE SPANISH,3,P,,3.26,,1505
33133,CMPS1232,PRINCIPLES OF PROGRAMMING II,3,D+,1.5,3.26,REPEAT,1506
33155,CMPS2242,SYSTEMS PROGRAMMING & COMPUTER ORGANIZATION,3,B+,3.5,3.26,,1507
33177,CMPS4131,SOFTWARE ENGINEERING,3,A,4,3.26,,1508
33199,PLAS0014,SPANISH PLACEMENT EXAM,0,A-,,3.26,,1509
33221,CMPS2212,GUI PROGRAMMING,3,AU,0,3.26,REPEAT,1510
33243,CMPS1192,NETWORKING FUNDAMENTALS,3,C+,2.5,3.26,,1511
33265,PHYS1015,GENERAL PHYSICS I,3,AU,0,3.26,REPEAT,1512
33287,MATH1201,TRIGONOMETRY,3,D+,1.5,3.26,REPEAT,1513
33309,MATH1201,TRIGONOMETRY,3,D,1,3.26,REPEAT,1514
33331,CMPS1134,FUNDAMENTALS OF COMPUTING,3,D,1,3.26,REPEAT,1515
33353,CMPS4131,SOFTWARE ENGINEERING,3,AU,0,3.26,REPEAT,1516
33375,MATH2201,CALCULUS II,3,C,2,3.26,REPEAT,1517
33397,CMPS1211,HARDWARE FUNDAMENTALS,3,B+,3.5,3.26,,1518
33419,PSYC1014,INTRODUCTION TO PSYCHOLOGY,3,D,1,3.26,,1519
33441,CMPS1191,NETWORKING FUNDAMENTALS,3,B,3,3.26,,1520
33463,CMPS4232,SYSTEMS ADMINISTRATION,3,B,3,3.26,,1521
33485,CMPS2212,GUI PROGRAMMING,3,,,3.19,,1522
33507,SERV0001,UB SERVICE,0,,,3.19,,1523
33529,CMPS1131,PROGRAMMING I,3,,,3.19,,1524
33551,SPAN1025,LEVEL 2 LOWER-INTERMEDIATE SPANISH,3,,,3.19,,1525
33573,CMPS1131,PROGRAMMING I,3,WF,0,3.19,,1526
33595,CMPS1171,INTRODUCTION TO DATABASES,3,A,4,3.19,,1527
33617,CMPS2232,OBJECT ORIENTED SYSTEM DEVELOPMENT,3,,,3.19,,1528
33639,CMPS1192,NETWORKING FUNDAMENTALS,3,A,4,3.19,,1529
33661,CMPS2232,OBJECT ORIENTED SYSTEM DEVELOPMENT,3,W,0,3.19,,1530
33683,CMPS2992,PROJECT,3,,,3.19,,1531
33705,CMPS3162,ADVANCED DATABASES,3,D+,1.5,3.19,REPEAT,1532
33727,CMPS1131,PROGRAMMING I,3,D+,1.5,3.19,REPEAT,1533
33749,PSYC1014,INTRODUCTION TO PSYCHOLOGY,3,B,3,3.19,,1534
33771,HIST1014,INTRODUCTION TO BELIZEAN HISTORY,3,D,1,3.19,REPEAT,1535
33793,PSYC1014,INTRODUCTION TO PSYCHOLOGY,3,W,0,3.19,,1536
33815,MATH2302,MATH MODELING,3,F,0,3.19,,1537
33837,CMPS2131,DATA STRUCTURES,3,NG,,3.19,REPEAT,1538
33859,ENGL2105,COMMUNICATION SKILLS,3,F,0,3.19,REPEAT,1539
33881,CMPS2131,DATA STRUCTURES,3,A,4,3.19,REPEAT,1540
33903,CMPS3171,NETWORK DESIGN,3,D+,1.5,3.19,,1541
33925,MGMT3015,ORGANIZATIONAL BEHAVIOR,3,F,0,3.19,REPEAT,1542
33947,ENGL3155,TECHNICAL WRITING,3,,,3.19,REPEAT,1543
33969,MATH3151,LINEAR ALGEBRA,3,NG,0,3.19,REPEAT,1544
33991,HIST1014,INTRODUCTION TO BELIZEAN HISTORY,3,F,0,3.19,,1545
34013,CMPS2242,SYSTEMS PROGRAMMING & COMPUTER ORGANIZATION,3,D+,1.5,3.19,,1546
34035,MATH3251,CALCULUS III,3,D,1,3.19,,1547
34057,MATH3251,CALCULUS III,3,NG,0,3.19,REPEAT,1548
34079,CMPS2131,DATA STRUCTURES,3,F,0,2.85,,1549
34101,CMPS2242,SYSTEMS PROGRAMMING & COMPUTER ORGANIZATION,3,A-,3.75,2.85,,1550
34123,CMPS3162,ADVANCED DATABASES,3,W,0,2.85,REPEAT,1551
34145,CMPS4251,COMPUTER AND NETWORK SECURITY,3,W,0,2.85,,1552
34167,CMPS3111,PROGRAMMING LANGUAGES,3,RE,0,2.85,,1553
34189,CMPS3141,HUMAN COMPUTER INTERFACE,3,RE,0,2.85,,1554
34211,MGMT2055,BUSINESS ETHICS,3,,,2.85,,1555
34233,CMPS1171,INTRODUCTION TO DATABASES,3,A-,3.75,2.85,,1556
34255,CMPS2232,OBJECT ORIENTED SYSTEM DEVELOPMENT,3,A,4,2.85,,1557
34277,CMPS2212,GUI PROGRAMMING,3,D,1,2.85,REPEAT,1558
34299,PSYC1014,INTRODUCTION TO PSYCHOLOGY,3,AU,0,2.85,,1559
34321,SOCL1014,INTRODUCTION TO SOCIOLOGY,3,F,0,2.85,REPEAT,1560
34343,MGMT1014,FUNDAMENTALS OF MANAGEMENT,3,D,1,2.85,,1561
34365,CMPS1171,INTRODUCTION TO DATABASES,3,F,0,2.85,REPEAT,1562
34387,PSYC1014,INTRODUCTION TO PSYCHOLOGY,3,F,0,2.85,REPEAT,1563
34409,CMPS1171,INTRODUCTION TO DATABASES,3,NG,,2.85,,1564
34431,CMPS3141,HUMAN COMPUTER INTERFACE,3,F,0,2.85,,1565
34453,MGMT1014,FUNDAMENTALS OF MANAGEMENT,3,,,2.85,,1566
34475,CMPS1211,HARDWARE FUNDAMENTALS,3,D+,1.5,2.85,,1567
34497,PHIL1014,ETHICS,3,NG,0,2.85,,1568
34519,PLAS0014,SPANISH PLACEMENT EXAM,0,NG,0,2.85,,1569
34541,CMPS3151,TELECOMMUNICATION,3,NG,0,2.85,,1570
34563,MATH2201,CALCULUS II,3,NG,0,2.85,,1571
34585,CMPS1134,FUNDAMENTALS OF COMPUTING,3,NG,0,2.85,,1572
34607,CMPS2111,SYSTEMS ANALYSIS,3,NG,0,2.85,,1573
34629,CMPS3171,NETWORK DESIGN,3,NG,0,2.85,,1574
34651,CMPS2111,SYSTEMS ANALYSIS,3,D+,1.5,2.85,,1575
34673,MATH1151,ALGEBRA,3,,,2.85,,1576
34695,MATH1014,INTERMEDIATE ALGEBRA,3,B+,3.5,2.85,,1577
34717,CMPS1232,PRINCIPLES OF PROGRAMMING II,3,W,0,2.85,,1578
34739,CMPS1211,HARDWARE FUNDAMENTALS,3,B,3,2.85,,1579
34761,PHIL1014,ETHICS,3,W,0,2.85,,1580
34783,MATH1302,CALCULUS I,3,,,2.85,,1581
34805,CRTH1014,CRITICAL THINKING,3,B,3,2.85,,1582
34827,CMPS3171,NETWORK DESIGN,3,D,1,2.85,,1583
34849,SOCL121,INTRODUCTION TO SOCIOLOGY,3,A-,3.75,2.85,,1584
34871,CMPS157,SYSTEM ANALYSIS,3,W,0,3.94,,1585
34893,CMPS145,INTRODUCTION TO COMPUTER SYSTEMS,3,F,0,3.94,,1586
34915,GSTU101,STUDY SKILLS,1,W,0,3.94,,1587
34937,MATH125,ADVANCED ALGEBRA,3,W,0,3.94,,1588
34959,CMPS248,SOFTWARE IN SOCIETY,3,W,0,3.94,,1589
34981,MATH124,TRIGONOMETRY,3,W,0,3.94,,1590
35003,CMPS255,OBJECT ORIENTED SYSTEM DEV.,3,F,0,3.94,,1591
35025,CMPS330,GEOGRAPHIC INFORMATOIN SYSTEMS,3,B,3,3.94,,1592
35047,CMPS418,LINUX ADMINISTRATION,3,C,2,3.94,,1593
35069,CMPS242,GUI PROGRAMMING,3,C,2,3.94,,1594
35091,CMPS319,SYSTEMS ENGINEERING,3,RE,0,3.94,,1595
35113,MATH210,DIFFERENTIAL CALCULUS,4,B+,3.5,3.94,,1596
35135,STSK101,STUDY SKILLS,1,P,0,3.94,,1597
35157,EDUC250,METHODS OF TEACHING,3,A-,3.75,3.94,,1598
35179,CMPS255,OBJECT ORIENTED SYSTEM DEV.,4,A,4,3.94,,1599
35201,PHYS1015L,GENERAL PHYSICS I LAB,1,W,0,3.94,,1600
35223,CMPS1124,AN INTRODUCTION TO PROGRAMMING USING PYTHON,3,WF,0,3.94,,1601
35245,PHYS1015,GENERAL PHYSICS I,3,W,0,3.55,,1602
35267,CMPS4111,DATABASE MANAGEMENT SYSTEMS II,3,W,0,3.55,,1603
35289,MGMT2055,BUSINESS ETHICS,3,B+,3.5,3.55,,1604
